-- phpMyAdmin SQL Dump
-- version 5.2.1
-- https://www.phpmyadmin.net/
--
-- Host: 127.0.0.1:3307
-- Generation Time: Jul 01, 2026 at 07:27 AM
-- Server version: 11.5.2-MariaDB
-- PHP Version: 8.2.4

SET SQL_MODE = "NO_AUTO_VALUE_ON_ZERO";
START TRANSACTION;
SET time_zone = "+00:00";


/*!40101 SET @OLD_CHARACTER_SET_CLIENT=@@CHARACTER_SET_CLIENT */;
/*!40101 SET @OLD_CHARACTER_SET_RESULTS=@@CHARACTER_SET_RESULTS */;
/*!40101 SET @OLD_COLLATION_CONNECTION=@@COLLATION_CONNECTION */;
/*!40101 SET NAMES utf8mb4 */;

--
-- Database: `aciaa3820_db`
--

-- --------------------------------------------------------

--
-- Table structure for table `activity_logs`
--

CREATE TABLE `activity_logs` (
  `id` bigint(20) UNSIGNED NOT NULL,
  `user_id` bigint(20) UNSIGNED DEFAULT NULL,
  `action` varchar(255) NOT NULL,
  `module` varchar(255) NOT NULL,
  `description` text DEFAULT NULL,
  `old_data` longtext CHARACTER SET utf8mb4 COLLATE utf8mb4_bin DEFAULT NULL CHECK (json_valid(`old_data`)),
  `new_data` longtext CHARACTER SET utf8mb4 COLLATE utf8mb4_bin DEFAULT NULL CHECK (json_valid(`new_data`)),
  `ip_address` varchar(255) DEFAULT NULL,
  `user_agent` varchar(255) DEFAULT NULL,
  `created_at` timestamp NULL DEFAULT NULL,
  `updated_at` timestamp NULL DEFAULT NULL
) ENGINE=InnoDB DEFAULT CHARSET=utf8mb4 COLLATE=utf8mb4_unicode_ci;

-- --------------------------------------------------------

--
-- Table structure for table `banners`
--

CREATE TABLE `banners` (
  `id` bigint(20) UNSIGNED NOT NULL,
  `title` varchar(255) NOT NULL,
  `subtitle` varchar(255) DEFAULT NULL,
  `description` text DEFAULT NULL,
  `image` varchar(255) NOT NULL,
  `link` varchar(255) DEFAULT NULL,
  `order` int(11) NOT NULL DEFAULT 0,
  `is_active` tinyint(1) NOT NULL DEFAULT 1,
  `start_date` date DEFAULT NULL,
  `end_date` date DEFAULT NULL,
  `created_at` timestamp NULL DEFAULT NULL,
  `updated_at` timestamp NULL DEFAULT NULL
) ENGINE=InnoDB DEFAULT CHARSET=utf8mb4 COLLATE=utf8mb4_unicode_ci;

--
-- Dumping data for table `banners`
--

INSERT INTO `banners` (`id`, `title`, `subtitle`, `description`, `image`, `link`, `order`, `is_active`, `start_date`, `end_date`, `created_at`, `updated_at`) VALUES
(1, 'New Dress!!!', 'Koleksi dress', 'Beli dress yang anda inginkan sekarang!', 'banners/smI2siYGTp2ltTbZG6SFH7B5O1GcYUiyIiSfqFGn.png', '/products?promo=1', 2, 1, '2026-04-23', '2026-08-23', '2026-04-23 07:38:24', '2026-06-13 07:05:36'),
(2, 'New Items!!!', 'Koleksi Atasan', NULL, 'banners/NdQwTgZiLKfatLtTVWGRKcPJYveUP9TAgrRxt26m.png', '/products?sort=terbaru', 3, 1, '2026-06-13', '2026-07-23', '2026-04-23 07:38:24', '2026-06-13 07:04:48');

-- --------------------------------------------------------

--
-- Table structure for table `cache`
--

CREATE TABLE `cache` (
  `key` varchar(255) NOT NULL,
  `value` mediumtext NOT NULL,
  `expiration` int(11) NOT NULL
) ENGINE=InnoDB DEFAULT CHARSET=utf8mb4 COLLATE=utf8mb4_unicode_ci;

--
-- Dumping data for table `cache`
--

INSERT INTO `cache` (`key`, `value`, `expiration`) VALUES
('laravel-cache-rajaongkir.districts.266', 'b:1;', 1783478175),
('laravel-cache-rajaongkir.komerce.districts.14.pulang pisau', 'a:8:{i:0;a:2:{s:2:\"id\";i:4491;s:4:\"name\";s:14:\"Banama Tingang\";}i:1;a:2:{s:2:\"id\";i:4492;s:4:\"name\";s:13:\"Kahayan Hilir\";}i:2;a:2:{s:2:\"id\";i:4493;s:4:\"name\";s:14:\"Kahayan Tengah\";}i:3;a:2:{s:2:\"id\";i:4494;s:4:\"name\";s:13:\"Kahayan Kuala\";}i:4;a:2:{s:2:\"id\";i:4495;s:4:\"name\";s:11:\"Pandih Batu\";}i:5;a:2:{s:2:\"id\";i:4496;s:4:\"name\";s:6:\"Maliku\";}i:6;a:2:{s:2:\"id\";i:4497;s:4:\"name\";s:12:\"Jabiren Raya\";}i:7;a:2:{s:2:\"id\";i:4498;s:4:\"name\";s:14:\"Sebangau Kuala\";}}', 1783478172);

-- --------------------------------------------------------

--
-- Table structure for table `cache_locks`
--

CREATE TABLE `cache_locks` (
  `key` varchar(255) NOT NULL,
  `owner` varchar(255) NOT NULL,
  `expiration` int(11) NOT NULL
) ENGINE=InnoDB DEFAULT CHARSET=utf8mb4 COLLATE=utf8mb4_unicode_ci;

-- --------------------------------------------------------

--
-- Table structure for table `carts`
--

CREATE TABLE `carts` (
  `id` bigint(20) UNSIGNED NOT NULL,
  `user_id` bigint(20) UNSIGNED NOT NULL,
  `created_at` timestamp NULL DEFAULT NULL,
  `updated_at` timestamp NULL DEFAULT NULL
) ENGINE=InnoDB DEFAULT CHARSET=utf8mb4 COLLATE=utf8mb4_unicode_ci;

--
-- Dumping data for table `carts`
--

INSERT INTO `carts` (`id`, `user_id`, `created_at`, `updated_at`) VALUES
(9, 6, '2026-06-16 00:31:35', '2026-06-16 00:31:35'),
(10, 1, '2026-06-30 19:35:37', '2026-06-30 19:35:37');

-- --------------------------------------------------------

--
-- Table structure for table `cart_items`
--

CREATE TABLE `cart_items` (
  `id` bigint(20) UNSIGNED NOT NULL,
  `cart_id` bigint(20) UNSIGNED NOT NULL,
  `product_id` bigint(20) UNSIGNED NOT NULL,
  `quantity` int(11) NOT NULL DEFAULT 1,
  `price` decimal(12,2) NOT NULL,
  `created_at` timestamp NULL DEFAULT NULL,
  `updated_at` timestamp NULL DEFAULT NULL
) ENGINE=InnoDB DEFAULT CHARSET=utf8mb4 COLLATE=utf8mb4_unicode_ci;

--
-- Dumping data for table `cart_items`
--

INSERT INTO `cart_items` (`id`, `cart_id`, `product_id`, `quantity`, `price`, `created_at`, `updated_at`) VALUES
(16, 9, 18, 1, 45000.00, '2026-06-16 00:31:35', '2026-06-16 00:31:35'),
(17, 9, 3, 1, 99999.00, '2026-06-16 00:31:54', '2026-06-16 00:31:54'),
(18, 10, 3, 2, 99999.00, '2026-06-30 19:35:37', '2026-06-30 19:35:39');

-- --------------------------------------------------------

--
-- Table structure for table `categories`
--

CREATE TABLE `categories` (
  `id` bigint(20) UNSIGNED NOT NULL,
  `name` varchar(255) NOT NULL,
  `slug` varchar(255) NOT NULL,
  `description` text DEFAULT NULL,
  `icon` varchar(255) DEFAULT NULL,
  `order` int(11) NOT NULL DEFAULT 0,
  `is_active` tinyint(1) NOT NULL DEFAULT 1,
  `created_at` timestamp NULL DEFAULT NULL,
  `updated_at` timestamp NULL DEFAULT NULL
) ENGINE=InnoDB DEFAULT CHARSET=utf8mb4 COLLATE=utf8mb4_unicode_ci;

--
-- Dumping data for table `categories`
--

INSERT INTO `categories` (`id`, `name`, `slug`, `description`, `icon`, `order`, `is_active`, `created_at`, `updated_at`) VALUES
(1, 'Atasan', 'atasan', 'Blouse, kemeja, crop top, dan knitwear wanita import premium', 'fa-tshirt', 1, 1, '2026-06-01 01:38:19', '2026-06-01 01:38:19'),
(2, 'Bawahan', 'bawahan', 'Celana panjang, wide-leg trousers, kulot, dan rok kasual elegan', 'fa-shopping-bag', 2, 1, '2026-06-01 01:38:19', '2026-06-01 01:38:19'),
(3, 'Dress', 'dress', 'Midi dress, floral dress, satin slip dress, dan abaya premium', 'fa-female', 3, 1, '2026-06-01 01:38:19', '2026-06-01 01:38:19');

-- --------------------------------------------------------

--
-- Table structure for table `cities`
--

CREATE TABLE `cities` (
  `id` bigint(20) UNSIGNED NOT NULL,
  `province_id` bigint(20) UNSIGNED NOT NULL,
  `name` varchar(255) NOT NULL,
  `type` varchar(255) NOT NULL,
  `postal_code` varchar(255) DEFAULT NULL,
  `created_at` timestamp NULL DEFAULT NULL,
  `updated_at` timestamp NULL DEFAULT NULL
) ENGINE=InnoDB DEFAULT CHARSET=utf8mb4 COLLATE=utf8mb4_unicode_ci;

--
-- Dumping data for table `cities`
--

INSERT INTO `cities` (`id`, `province_id`, `name`, `type`, `postal_code`, `created_at`, `updated_at`) VALUES
(1, 21, 'Aceh Barat', 'Kabupaten', '23681', '2026-05-23 03:04:33', '2026-05-23 03:04:33'),
(2, 21, 'Aceh Barat Daya', 'Kabupaten', '23764', '2026-05-23 03:04:33', '2026-05-23 03:04:33'),
(3, 21, 'Aceh Besar', 'Kabupaten', '23951', '2026-05-23 03:04:33', '2026-05-23 03:04:33'),
(4, 21, 'Aceh Jaya', 'Kabupaten', '23654', '2026-05-23 03:04:33', '2026-05-23 03:04:33'),
(5, 21, 'Aceh Selatan', 'Kabupaten', '23719', '2026-05-23 03:04:33', '2026-05-23 03:04:33'),
(6, 21, 'Aceh Singkil', 'Kabupaten', '24785', '2026-05-23 03:04:33', '2026-05-23 03:04:33'),
(7, 21, 'Aceh Tamiang', 'Kabupaten', '24476', '2026-05-23 03:04:33', '2026-05-23 03:04:33'),
(8, 21, 'Aceh Tengah', 'Kabupaten', '24511', '2026-05-23 03:04:33', '2026-05-23 03:04:33'),
(9, 21, 'Aceh Tenggara', 'Kabupaten', '24611', '2026-05-23 03:04:33', '2026-05-23 03:04:33'),
(10, 21, 'Aceh Timur', 'Kabupaten', '24454', '2026-05-23 03:04:33', '2026-05-23 03:04:33'),
(11, 21, 'Aceh Utara', 'Kabupaten', '24382', '2026-05-23 03:04:33', '2026-05-23 03:04:33'),
(12, 1, 'Badung', 'Kabupaten', '80351', '2026-05-23 03:04:33', '2026-05-23 03:04:33'),
(13, 1, 'Bangli', 'Kabupaten', '80619', '2026-05-23 03:04:33', '2026-05-23 03:04:33'),
(14, 13, 'Banjar', 'Kabupaten', '70619', '2026-05-23 03:04:33', '2026-05-23 03:04:33'),
(15, 9, 'Bandung', 'Kabupaten', '40311', '2026-05-23 03:04:33', '2026-05-23 03:04:33'),
(16, 9, 'Bandung', 'Kota', '40111', '2026-05-23 03:04:33', '2026-05-23 03:04:33'),
(17, 9, 'Bandung Barat', 'Kabupaten', '40721', '2026-05-23 03:04:33', '2026-05-23 03:04:33'),
(18, 2, 'Bangka', 'Kabupaten', '33212', '2026-05-23 03:04:33', '2026-05-23 03:04:33'),
(19, 2, 'Bangka Barat', 'Kabupaten', '33315', '2026-05-23 03:04:33', '2026-05-23 03:04:33'),
(20, 2, 'Bangka Selatan', 'Kabupaten', '33719', '2026-05-23 03:04:33', '2026-05-23 03:04:33'),
(21, 2, 'Bangka Tengah', 'Kabupaten', '33613', '2026-05-23 03:04:33', '2026-05-23 03:04:33'),
(22, 11, 'Bangkalan', 'Kabupaten', '69118', '2026-05-23 03:04:33', '2026-05-23 03:04:33'),
(23, 3, 'Pandeglang', 'Kabupaten', '42212', '2026-05-23 03:04:33', '2026-05-23 03:04:33'),
(24, 10, 'Banjarnegara', 'Kabupaten', '53418', '2026-05-23 03:04:33', '2026-05-23 03:04:33'),
(25, 13, 'Banjarmasin', 'Kota', '70117', '2026-05-23 03:04:33', '2026-05-23 03:04:33'),
(26, 34, 'Banyuasin', 'Kabupaten', '30000', '2026-05-23 03:04:33', '2026-05-23 03:04:33'),
(27, 10, 'Banyumas', 'Kabupaten', '53114', '2026-05-23 03:04:33', '2026-05-23 03:04:33'),
(28, 11, 'Banyuwangi', 'Kabupaten', '68416', '2026-05-23 03:04:33', '2026-05-23 03:04:33'),
(29, 13, 'Barito Kuala', 'Kabupaten', '70511', '2026-05-23 03:04:33', '2026-05-23 03:04:33'),
(30, 14, 'Barito Selatan', 'Kabupaten', '73711', '2026-05-23 03:04:33', '2026-05-23 03:04:33'),
(31, 14, 'Barito Timur', 'Kabupaten', '73671', '2026-05-23 03:04:33', '2026-05-23 03:04:33'),
(32, 14, 'Barito Utara', 'Kabupaten', '73811', '2026-05-23 03:04:33', '2026-05-23 03:04:33'),
(33, 10, 'Batang', 'Kabupaten', '51211', '2026-05-23 03:04:33', '2026-05-23 03:04:33'),
(34, 17, 'Batam', 'Kota', '29413', '2026-05-23 03:04:33', '2026-05-23 03:04:33'),
(35, 6, 'Batu', 'Kota', '65311', '2026-05-23 03:04:33', '2026-05-23 03:04:33'),
(36, 4, 'Bengkulu', 'Kota', '38229', '2026-05-23 03:04:33', '2026-05-23 03:04:33'),
(37, 4, 'Bengkulu Selatan', 'Kabupaten', '38519', '2026-05-23 03:04:33', '2026-05-23 03:04:33'),
(38, 4, 'Bengkulu Tengah', 'Kabupaten', '38319', '2026-05-23 03:04:33', '2026-05-23 03:04:33'),
(39, 4, 'Bengkulu Utara', 'Kabupaten', '38619', '2026-05-23 03:04:33', '2026-05-23 03:04:33'),
(40, 21, 'Bener Meriah', 'Kabupaten', '24581', '2026-05-23 03:04:33', '2026-05-23 03:04:33'),
(41, 22, 'Bima', 'Kabupaten', '84171', '2026-05-23 03:04:33', '2026-05-23 03:04:33'),
(42, 22, 'Bima', 'Kota', '84119', '2026-05-23 03:04:33', '2026-05-23 03:04:33'),
(43, 17, 'Bintan', 'Kabupaten', '29135', '2026-05-23 03:04:33', '2026-05-23 03:04:33'),
(44, 21, 'Bireuen', 'Kabupaten', '24219', '2026-05-23 03:04:33', '2026-05-23 03:04:33'),
(45, 11, 'Blitar', 'Kabupaten', '66171', '2026-05-23 03:04:33', '2026-05-23 03:04:33'),
(46, 11, 'Blitar', 'Kota', '66124', '2026-05-23 03:04:33', '2026-05-23 03:04:33'),
(47, 10, 'Blora', 'Kabupaten', '58219', '2026-05-23 03:04:33', '2026-05-23 03:04:33'),
(48, 7, 'Bone Bolango', 'Kabupaten', '96511', '2026-05-23 03:04:33', '2026-05-23 03:04:33'),
(49, 28, 'Bone', 'Kabupaten', '92713', '2026-05-23 03:04:33', '2026-05-23 03:04:33'),
(50, 9, 'Bogor', 'Kabupaten', '16911', '2026-05-23 03:04:33', '2026-05-23 03:04:33'),
(51, 9, 'Bogor', 'Kota', '16119', '2026-05-23 03:04:33', '2026-05-23 03:04:33'),
(52, 11, 'Bojonegoro', 'Kabupaten', '62119', '2026-05-23 03:04:33', '2026-05-23 03:04:33'),
(53, 28, 'Bulukumba', 'Kabupaten', '92511', '2026-05-23 03:04:33', '2026-05-23 03:04:33'),
(54, 1, 'Buleleng', 'Kabupaten', '81111', '2026-05-23 03:04:33', '2026-05-23 03:04:33'),
(55, 34, 'Bungo', 'Kabupaten', '37211', '2026-05-23 03:04:33', '2026-05-23 03:04:33'),
(56, 10, 'Boyolali', 'Kabupaten', '57312', '2026-05-23 03:04:33', '2026-05-23 03:04:33'),
(57, 10, 'Brebes', 'Kabupaten', '52212', '2026-05-23 03:04:33', '2026-05-23 03:04:33'),
(58, 1, 'Denpasar', 'Kota', '80227', '2026-05-23 03:04:33', '2026-05-23 03:04:33'),
(59, 10, 'Cilacap', 'Kabupaten', '53211', '2026-05-23 03:04:33', '2026-05-23 03:04:33'),
(60, 9, 'Ciamis', 'Kabupaten', '46211', '2026-05-23 03:04:33', '2026-05-23 03:04:33'),
(61, 9, 'Cianjur', 'Kabupaten', '43217', '2026-05-23 03:04:33', '2026-05-23 03:04:33'),
(62, 3, 'Cilegon', 'Kota', '42417', '2026-05-23 03:04:33', '2026-05-23 03:04:33'),
(63, 9, 'Cimahi', 'Kota', '40512', '2026-05-23 03:04:33', '2026-05-23 03:04:33'),
(64, 9, 'Cirebon', 'Kabupaten', '45611', '2026-05-23 03:04:33', '2026-05-23 03:04:33'),
(65, 9, 'Cirebon', 'Kota', '45116', '2026-05-23 03:04:33', '2026-05-23 03:04:33'),
(66, 34, 'Dairi', 'Kabupaten', '22211', '2026-05-23 03:04:33', '2026-05-23 03:04:33'),
(67, 34, 'Deli Serdang', 'Kabupaten', '20511', '2026-05-23 03:04:33', '2026-05-23 03:04:33'),
(68, 10, 'Demak', 'Kabupaten', '59519', '2026-05-23 03:04:33', '2026-05-23 03:04:33'),
(69, 9, 'Depok', 'Kota', '16416', '2026-05-23 03:04:33', '2026-05-23 03:04:33'),
(70, 22, 'Dompu', 'Kabupaten', '84217', '2026-05-23 03:04:33', '2026-05-23 03:04:33'),
(71, 23, 'Ende', 'Kabupaten', '86351', '2026-05-23 03:04:33', '2026-05-23 03:04:33'),
(72, 28, 'Enrekang', 'Kabupaten', '91719', '2026-05-23 03:04:33', '2026-05-23 03:04:33'),
(73, 23, 'Flores Timur', 'Kabupaten', '86213', '2026-05-23 03:04:33', '2026-05-23 03:04:33'),
(74, 9, 'Garut', 'Kabupaten', '44126', '2026-05-23 03:04:33', '2026-05-23 03:04:33'),
(75, 21, 'Gayo Lues', 'Kabupaten', '24653', '2026-05-23 03:04:33', '2026-05-23 03:04:33'),
(76, 1, 'Gianyar', 'Kabupaten', '80511', '2026-05-23 03:04:33', '2026-05-23 03:04:33'),
(77, 7, 'Gorontalo', 'Kabupaten', '96218', '2026-05-23 03:04:33', '2026-05-23 03:04:33'),
(78, 7, 'Gorontalo', 'Kota', '96115', '2026-05-23 03:04:33', '2026-05-23 03:04:33'),
(79, 7, 'Gorontalo Utara', 'Kabupaten', '96611', '2026-05-23 03:04:33', '2026-05-23 03:04:33'),
(80, 28, 'Gowa', 'Kabupaten', '92111', '2026-05-23 03:04:33', '2026-05-23 03:04:33'),
(81, 11, 'Gresik', 'Kabupaten', '61115', '2026-05-23 03:04:33', '2026-05-23 03:04:33'),
(82, 10, 'Grobogan', 'Kabupaten', '58111', '2026-05-23 03:04:33', '2026-05-23 03:04:33'),
(83, 5, 'Gunung Kidul', 'Kabupaten', '55812', '2026-05-23 03:04:33', '2026-05-23 03:04:33'),
(84, 14, 'Gunung Mas', 'Kabupaten', '74511', '2026-05-23 03:04:33', '2026-05-23 03:04:33'),
(85, 19, 'Halmahera Barat', 'Kabupaten', '97757', '2026-05-23 03:04:33', '2026-05-23 03:04:33'),
(86, 20, 'Halmahera Selatan', 'Kabupaten', '97700', '2026-05-23 03:04:33', '2026-05-23 03:04:33'),
(87, 20, 'Halmahera Tengah', 'Kabupaten', '97853', '2026-05-23 03:04:33', '2026-05-23 03:04:33'),
(88, 20, 'Halmahera Timur', 'Kabupaten', '97862', '2026-05-23 03:04:33', '2026-05-23 03:04:33'),
(89, 20, 'Halmahera Utara', 'Kabupaten', '97762', '2026-05-23 03:04:33', '2026-05-23 03:04:33'),
(90, 13, 'Hulu Sungai Selatan', 'Kabupaten', '71212', '2026-05-23 03:04:33', '2026-05-23 03:04:33'),
(91, 13, 'Hulu Sungai Tengah', 'Kabupaten', '71313', '2026-05-23 03:04:33', '2026-05-23 03:04:33'),
(92, 13, 'Hulu Sungai Utara', 'Kabupaten', '71419', '2026-05-23 03:04:33', '2026-05-23 03:04:33'),
(93, 9, 'Indramayu', 'Kabupaten', '45211', '2026-05-23 03:04:33', '2026-05-23 03:04:33'),
(94, 24, 'Jayapura', 'Kabupaten', '99352', '2026-05-23 03:04:33', '2026-05-23 03:04:33'),
(95, 24, 'Jayapura', 'Kota', '99114', '2026-05-23 03:04:33', '2026-05-23 03:04:33'),
(96, 10, 'Jember', 'Kabupaten', '68113', '2026-05-23 03:04:33', '2026-05-23 03:04:33'),
(97, 10, 'Jepara', 'Kabupaten', '59419', '2026-05-23 03:04:33', '2026-05-23 03:04:33'),
(98, 11, 'Jombang', 'Kabupaten', '61415', '2026-05-23 03:04:33', '2026-05-23 03:04:33'),
(99, 6, 'Jakarta Barat', 'Kota', '11220', '2026-05-23 03:04:33', '2026-05-23 03:04:33'),
(100, 6, 'Jakarta Pusat', 'Kota', '10540', '2026-05-23 03:04:33', '2026-05-23 03:04:33'),
(101, 6, 'Jakarta Selatan', 'Kota', '12230', '2026-05-23 03:04:33', '2026-05-23 03:04:33'),
(102, 6, 'Jakarta Timur', 'Kota', '13330', '2026-05-23 03:04:33', '2026-05-23 03:04:33'),
(103, 6, 'Jakarta Utara', 'Kota', '14140', '2026-05-23 03:04:33', '2026-05-23 03:04:33'),
(104, 8, 'Jambi', 'Kota', '36129', '2026-05-23 03:04:33', '2026-05-23 03:04:33'),
(105, 24, 'Jayawijaya', 'Kabupaten', '99511', '2026-05-23 03:04:33', '2026-05-23 03:04:33'),
(106, 28, 'Jeneponto', 'Kabupaten', '92319', '2026-05-23 03:04:33', '2026-05-23 03:04:33'),
(107, 10, 'Karanganyar', 'Kabupaten', '57718', '2026-05-23 03:04:33', '2026-05-23 03:04:33'),
(108, 17, 'Karimun', 'Kabupaten', '29611', '2026-05-23 03:04:33', '2026-05-23 03:04:33'),
(109, 34, 'Karo', 'Kabupaten', '22119', '2026-05-23 03:04:33', '2026-05-23 03:04:33'),
(110, 14, 'Kapuas', 'Kabupaten', '73511', '2026-05-23 03:04:33', '2026-05-23 03:04:33'),
(111, 14, 'Kapuas Hulu', 'Kabupaten', '78719', '2026-05-23 03:04:33', '2026-05-23 03:04:33'),
(112, 9, 'Karawang', 'Kabupaten', '41311', '2026-05-23 03:04:33', '2026-05-23 03:04:33'),
(113, 14, 'Katingan', 'Kabupaten', '74411', '2026-05-23 03:04:33', '2026-05-23 03:04:33'),
(114, 12, 'Kayong Utara', 'Kabupaten', '78852', '2026-05-23 03:04:33', '2026-05-23 03:04:33'),
(115, 10, 'Kebumen', 'Kabupaten', '54319', '2026-05-23 03:04:33', '2026-05-23 03:04:33'),
(116, 11, 'Kediri', 'Kabupaten', '64184', '2026-05-23 03:04:33', '2026-05-23 03:04:33'),
(117, 11, 'Kediri', 'Kota', '64125', '2026-05-23 03:04:33', '2026-05-23 03:04:33'),
(118, 10, 'Kendal', 'Kabupaten', '51314', '2026-05-23 03:04:33', '2026-05-23 03:04:33'),
(119, 30, 'Kendari', 'Kota', '93122', '2026-05-23 03:04:33', '2026-05-23 03:04:33'),
(120, 4, 'Kepahiang', 'Kabupaten', '39319', '2026-05-23 03:04:33', '2026-05-23 03:04:33'),
(121, 6, 'Kepulauan Seribu', 'Kabupaten', '14550', '2026-05-23 03:04:33', '2026-05-23 03:04:33'),
(122, 17, 'Kepulauan Anambas', 'Kabupaten', '29991', '2026-05-23 03:04:33', '2026-05-23 03:04:33'),
(123, 30, 'Kepulauan Aru', 'Kabupaten', '97600', '2026-05-23 03:04:33', '2026-05-23 03:04:33'),
(124, 19, 'Kepulauan Sula', 'Kabupaten', '97895', '2026-05-23 03:04:33', '2026-05-23 03:04:33'),
(125, 12, 'Ketapang', 'Kabupaten', '78819', '2026-05-23 03:04:33', '2026-05-23 03:04:33'),
(126, 10, 'Klaten', 'Kabupaten', '57411', '2026-05-23 03:04:33', '2026-05-23 03:04:33'),
(127, 1, 'Klungkung', 'Kabupaten', '80711', '2026-05-23 03:04:33', '2026-05-23 03:04:33'),
(128, 30, 'Kolaka', 'Kabupaten', '93511', '2026-05-23 03:04:33', '2026-05-23 03:04:33'),
(129, 30, 'Konawe', 'Kabupaten', '93411', '2026-05-23 03:04:33', '2026-05-23 03:04:33'),
(130, 30, 'Konawe Selatan', 'Kabupaten', '93811', '2026-05-23 03:04:33', '2026-05-23 03:04:33'),
(131, 14, 'Kotawaringin Barat', 'Kabupaten', '74119', '2026-05-23 03:04:33', '2026-05-23 03:04:33'),
(132, 14, 'Kotawaringin Timur', 'Kabupaten', '74364', '2026-05-23 03:04:33', '2026-05-23 03:04:33'),
(133, 12, 'Kubu Raya', 'Kabupaten', '78311', '2026-05-23 03:04:33', '2026-05-23 03:04:33'),
(134, 10, 'Kudus', 'Kabupaten', '59311', '2026-05-23 03:04:33', '2026-05-23 03:04:33'),
(135, 5, 'Kulon Progo', 'Kabupaten', '55611', '2026-05-23 03:04:33', '2026-05-23 03:04:33'),
(136, 9, 'Kuningan', 'Kabupaten', '45511', '2026-05-23 03:04:33', '2026-05-23 03:04:33'),
(137, 15, 'Kutai Barat', 'Kabupaten', '75711', '2026-05-23 03:04:33', '2026-05-23 03:04:33'),
(138, 15, 'Kutai Kartanegara', 'Kabupaten', '75511', '2026-05-23 03:04:33', '2026-05-23 03:04:33'),
(139, 15, 'Kutai Timur', 'Kabupaten', '75611', '2026-05-23 03:04:33', '2026-05-23 03:04:33'),
(140, 34, 'Labuhan Batu', 'Kabupaten', '21412', '2026-05-23 03:04:33', '2026-05-23 03:04:33'),
(141, 34, 'Labuhan Batu Selatan', 'Kabupaten', '21511', '2026-05-23 03:04:33', '2026-05-23 03:04:33'),
(142, 34, 'Labuhan Batu Utara', 'Kabupaten', '21711', '2026-05-23 03:04:33', '2026-05-23 03:04:33'),
(143, 11, 'Lamongan', 'Kabupaten', '62218', '2026-05-23 03:04:33', '2026-05-23 03:04:33'),
(144, 18, 'Lampung Barat', 'Kabupaten', '34814', '2026-05-23 03:04:33', '2026-05-23 03:04:33'),
(145, 18, 'Lampung Selatan', 'Kabupaten', '35511', '2026-05-23 03:04:33', '2026-05-23 03:04:33'),
(146, 18, 'Lampung Tengah', 'Kabupaten', '34212', '2026-05-23 03:04:33', '2026-05-23 03:04:33'),
(147, 18, 'Lampung Timur', 'Kabupaten', '34319', '2026-05-23 03:04:33', '2026-05-23 03:04:33'),
(148, 18, 'Lampung Utara', 'Kabupaten', '34516', '2026-05-23 03:04:33', '2026-05-23 03:04:33'),
(149, 12, 'Landak', 'Kabupaten', '78319', '2026-05-23 03:04:33', '2026-05-23 03:04:33'),
(150, 34, 'Langkat', 'Kabupaten', '20811', '2026-05-23 03:04:33', '2026-05-23 03:04:33'),
(151, 21, 'Langsa', 'Kota', '24412', '2026-05-23 03:04:33', '2026-05-23 03:04:33'),
(152, 3, 'Lebak', 'Kabupaten', '42319', '2026-05-23 03:04:33', '2026-05-23 03:04:33'),
(153, 4, 'Lebong', 'Kabupaten', '39264', '2026-05-23 03:04:33', '2026-05-23 03:04:33'),
(154, 23, 'Lembata', 'Kabupaten', '86611', '2026-05-23 03:04:33', '2026-05-23 03:04:33'),
(155, 21, 'Lhokseumawe', 'Kota', '24352', '2026-05-23 03:04:33', '2026-05-23 03:04:33'),
(156, 17, 'Lingga', 'Kabupaten', '29811', '2026-05-23 03:04:33', '2026-05-23 03:04:33'),
(157, 22, 'Lombok Barat', 'Kabupaten', '83311', '2026-05-23 03:04:33', '2026-05-23 03:04:33'),
(158, 22, 'Lombok Tengah', 'Kabupaten', '83511', '2026-05-23 03:04:33', '2026-05-23 03:04:33'),
(159, 22, 'Lombok Timur', 'Kabupaten', '83612', '2026-05-23 03:04:33', '2026-05-23 03:04:33'),
(160, 22, 'Lombok Utara', 'Kabupaten', '83711', '2026-05-23 03:04:33', '2026-05-23 03:04:33'),
(161, 28, 'Luwu', 'Kabupaten', '91994', '2026-05-23 03:04:33', '2026-05-23 03:04:33'),
(162, 28, 'Luwu Timur', 'Kabupaten', '92981', '2026-05-23 03:04:33', '2026-05-23 03:04:33'),
(163, 28, 'Luwu Utara', 'Kabupaten', '92911', '2026-05-23 03:04:33', '2026-05-23 03:04:33'),
(164, 11, 'Madiun', 'Kabupaten', '63153', '2026-05-23 03:04:33', '2026-05-23 03:04:33'),
(165, 11, 'Madiun', 'Kota', '63122', '2026-05-23 03:04:33', '2026-05-23 03:04:33'),
(166, 10, 'Magelang', 'Kabupaten', '56519', '2026-05-23 03:04:33', '2026-05-23 03:04:33'),
(167, 10, 'Magelang', 'Kota', '56126', '2026-05-23 03:04:33', '2026-05-23 03:04:33'),
(168, 11, 'Magetan', 'Kabupaten', '63314', '2026-05-23 03:04:33', '2026-05-23 03:04:33'),
(169, 9, 'Majalengka', 'Kabupaten', '45411', '2026-05-23 03:04:33', '2026-05-23 03:04:33'),
(170, 27, 'Majene', 'Kabupaten', '91412', '2026-05-23 03:04:33', '2026-05-23 03:04:33'),
(171, 28, 'Makassar', 'Kota', '90111', '2026-05-23 03:04:33', '2026-05-23 03:04:33'),
(172, 11, 'Malang', 'Kabupaten', '65163', '2026-05-23 03:04:33', '2026-05-23 03:04:33'),
(173, 11, 'Malang', 'Kota', '65112', '2026-05-23 03:04:33', '2026-05-23 03:04:33'),
(174, 16, 'Malinau', 'Kabupaten', '77511', '2026-05-23 03:04:33', '2026-05-23 03:04:33'),
(175, 19, 'Maluku Barat Daya', 'Kabupaten', '97451', '2026-05-23 03:04:33', '2026-05-23 03:04:33'),
(176, 19, 'Maluku Tengah', 'Kabupaten', '97511', '2026-05-23 03:04:33', '2026-05-23 03:04:33'),
(177, 19, 'Maluku Tenggara', 'Kabupaten', '97651', '2026-05-23 03:04:33', '2026-05-23 03:04:33'),
(178, 27, 'Mamasa', 'Kabupaten', '91362', '2026-05-23 03:04:33', '2026-05-23 03:04:33'),
(179, 27, 'Mamuju', 'Kabupaten', '91519', '2026-05-23 03:04:33', '2026-05-23 03:04:33'),
(180, 27, 'Mamuju Utara', 'Kabupaten', '91571', '2026-05-23 03:04:33', '2026-05-23 03:04:33'),
(181, 34, 'Mandailing Natal', 'Kabupaten', '22916', '2026-05-23 03:04:33', '2026-05-23 03:04:33'),
(182, 23, 'Manggarai', 'Kabupaten', '86511', '2026-05-23 03:04:33', '2026-05-23 03:04:33'),
(183, 23, 'Manggarai Barat', 'Kabupaten', '86711', '2026-05-23 03:04:33', '2026-05-23 03:04:33'),
(184, 23, 'Manggarai Timur', 'Kabupaten', '86811', '2026-05-23 03:04:33', '2026-05-23 03:04:33'),
(185, 31, 'Manado', 'Kota', '95247', '2026-05-23 03:04:33', '2026-05-23 03:04:33'),
(186, 28, 'Maros', 'Kabupaten', '90511', '2026-05-23 03:04:33', '2026-05-23 03:04:33'),
(187, 22, 'Mataram', 'Kota', '83131', '2026-05-23 03:04:33', '2026-05-23 03:04:33'),
(188, 34, 'Medan', 'Kota', '20228', '2026-05-23 03:04:33', '2026-05-23 03:04:33'),
(189, 12, 'Melawi', 'Kabupaten', '78619', '2026-05-23 03:04:33', '2026-05-23 03:04:33'),
(190, 8, 'Merangin', 'Kabupaten', '37319', '2026-05-23 03:04:33', '2026-05-23 03:04:33'),
(191, 24, 'Merauke', 'Kabupaten', '99613', '2026-05-23 03:04:33', '2026-05-23 03:04:33'),
(192, 18, 'Mesuji', 'Kabupaten', '34911', '2026-05-23 03:04:33', '2026-05-23 03:04:33'),
(193, 18, 'Metro', 'Kota', '34111', '2026-05-23 03:04:33', '2026-05-23 03:04:33'),
(194, 24, 'Mimika', 'Kabupaten', '99962', '2026-05-23 03:04:33', '2026-05-23 03:04:33'),
(195, 31, 'Minahasa', 'Kabupaten', '95614', '2026-05-23 03:04:33', '2026-05-23 03:04:33'),
(196, 31, 'Minahasa Selatan', 'Kabupaten', '95914', '2026-05-23 03:04:33', '2026-05-23 03:04:33'),
(197, 31, 'Minahasa Tenggara', 'Kabupaten', '95995', '2026-05-23 03:04:33', '2026-05-23 03:04:33'),
(198, 31, 'Minahasa Utara', 'Kabupaten', '95316', '2026-05-23 03:04:33', '2026-05-23 03:04:33'),
(199, 11, 'Mojokerto', 'Kabupaten', '61382', '2026-05-23 03:04:33', '2026-05-23 03:04:33'),
(200, 11, 'Mojokerto', 'Kota', '61316', '2026-05-23 03:04:33', '2026-05-23 03:04:33'),
(201, 29, 'Morowali', 'Kabupaten', '94911', '2026-05-23 03:04:33', '2026-05-23 03:04:33'),
(202, 4, 'Mukomuko', 'Kabupaten', '38715', '2026-05-23 03:04:33', '2026-05-23 03:04:33'),
(203, 30, 'Muna', 'Kabupaten', '93611', '2026-05-23 03:04:33', '2026-05-23 03:04:33'),
(204, 14, 'Murung Raya', 'Kabupaten', '73911', '2026-05-23 03:04:33', '2026-05-23 03:04:33'),
(205, 33, 'Musi Banyuasin', 'Kabupaten', '30719', '2026-05-23 03:04:33', '2026-05-23 03:04:33'),
(206, 33, 'Musi Rawas', 'Kabupaten', '31311', '2026-05-23 03:04:33', '2026-05-23 03:04:33'),
(207, 21, 'Nagan Raya', 'Kabupaten', '23674', '2026-05-23 03:04:33', '2026-05-23 03:04:33'),
(208, 17, 'Natuna', 'Kabupaten', '29711', '2026-05-23 03:04:33', '2026-05-23 03:04:33'),
(209, 23, 'Ngada', 'Kabupaten', '86413', '2026-05-23 03:04:33', '2026-05-23 03:04:33'),
(210, 11, 'Nganjuk', 'Kabupaten', '64414', '2026-05-23 03:04:33', '2026-05-23 03:04:33'),
(211, 11, 'Ngawi', 'Kabupaten', '63219', '2026-05-23 03:04:33', '2026-05-23 03:04:33'),
(212, 34, 'Nias', 'Kabupaten', '22876', '2026-05-23 03:04:33', '2026-05-23 03:04:33'),
(213, 34, 'Nias Barat', 'Kabupaten', '22895', '2026-05-23 03:04:33', '2026-05-23 03:04:33'),
(214, 34, 'Nias Selatan', 'Kabupaten', '22865', '2026-05-23 03:04:33', '2026-05-23 03:04:33'),
(215, 34, 'Nias Utara', 'Kabupaten', '22856', '2026-05-23 03:04:33', '2026-05-23 03:04:33'),
(216, 16, 'Nunukan', 'Kabupaten', '77421', '2026-05-23 03:04:33', '2026-05-23 03:04:33'),
(217, 33, 'Ogan Ilir', 'Kabupaten', '30811', '2026-05-23 03:04:33', '2026-05-23 03:04:33'),
(218, 33, 'Ogan Komering Ilir', 'Kabupaten', '30618', '2026-05-23 03:04:33', '2026-05-23 03:04:33'),
(219, 33, 'Ogan Komering Ulu', 'Kabupaten', '32112', '2026-05-23 03:04:33', '2026-05-23 03:04:33'),
(220, 33, 'Ogan Komering Ulu Selatan', 'Kabupaten', '32211', '2026-05-23 03:04:33', '2026-05-23 03:04:33'),
(221, 33, 'Ogan Komering Ulu Timur', 'Kabupaten', '32312', '2026-05-23 03:04:33', '2026-05-23 03:04:33'),
(222, 11, 'Pacitan', 'Kabupaten', '63515', '2026-05-23 03:04:33', '2026-05-23 03:04:33'),
(223, 34, 'Padang Lawas', 'Kabupaten', '22763', '2026-05-23 03:04:33', '2026-05-23 03:04:33'),
(224, 34, 'Padang Lawas Utara', 'Kabupaten', '22753', '2026-05-23 03:04:33', '2026-05-23 03:04:33'),
(225, 32, 'Padang', 'Kota', '25112', '2026-05-23 03:04:33', '2026-05-23 03:04:33'),
(226, 32, 'Padang Panjang', 'Kota', '27118', '2026-05-23 03:04:33', '2026-05-23 03:04:33'),
(227, 32, 'Padang Pariaman', 'Kabupaten', '25583', '2026-05-23 03:04:33', '2026-05-23 03:04:33'),
(228, 33, 'Pagar Alam', 'Kota', '31512', '2026-05-23 03:04:33', '2026-05-23 03:04:33'),
(229, 34, 'Pakpak Bharat', 'Kabupaten', '22272', '2026-05-23 03:04:33', '2026-05-23 03:04:33'),
(230, 29, 'Palu', 'Kota', '94111', '2026-05-23 03:04:33', '2026-05-23 03:04:33'),
(231, 11, 'Pamekasan', 'Kabupaten', '69319', '2026-05-23 03:04:33', '2026-05-23 03:04:33'),
(232, 3, 'Pandeglang', 'Kabupaten', '42212', '2026-05-23 03:04:33', '2026-05-23 03:04:33'),
(233, 28, 'Pangkajene Kepulauan', 'Kabupaten', '90611', '2026-05-23 03:04:33', '2026-05-23 03:04:33'),
(234, 2, 'Pangkal Pinang', 'Kota', '33115', '2026-05-23 03:04:33', '2026-05-23 03:04:33'),
(235, 28, 'Parepare', 'Kota', '91123', '2026-05-23 03:04:33', '2026-05-23 03:04:33'),
(236, 32, 'Pariaman', 'Kota', '25519', '2026-05-23 03:04:33', '2026-05-23 03:04:33'),
(237, 29, 'Parigi Moutong', 'Kabupaten', '94411', '2026-05-23 03:04:33', '2026-05-23 03:04:33'),
(238, 32, 'Pasaman', 'Kabupaten', '26318', '2026-05-23 03:04:33', '2026-05-23 03:04:33'),
(239, 32, 'Pasaman Barat', 'Kabupaten', '26511', '2026-05-23 03:04:33', '2026-05-23 03:04:33'),
(240, 15, 'Paser', 'Kabupaten', '76211', '2026-05-23 03:04:33', '2026-05-23 03:04:33'),
(241, 11, 'Pasuruan', 'Kabupaten', '67153', '2026-05-23 03:04:33', '2026-05-23 03:04:33'),
(242, 11, 'Pasuruan', 'Kota', '67115', '2026-05-23 03:04:33', '2026-05-23 03:04:33'),
(243, 10, 'Pati', 'Kabupaten', '59114', '2026-05-23 03:04:33', '2026-05-23 03:04:33'),
(244, 32, 'Payakumbuh', 'Kota', '26219', '2026-05-23 03:04:33', '2026-05-23 03:04:33'),
(245, 10, 'Pekalongan', 'Kabupaten', '51161', '2026-05-23 03:04:33', '2026-05-23 03:04:33'),
(246, 10, 'Pekalongan', 'Kota', '51122', '2026-05-23 03:04:33', '2026-05-23 03:04:33'),
(247, 26, 'Pekanbaru', 'Kota', '28112', '2026-05-23 03:04:33', '2026-05-23 03:04:33'),
(248, 10, 'Pemalang', 'Kabupaten', '52319', '2026-05-23 03:04:33', '2026-05-23 03:04:33'),
(249, 34, 'Pematang Siantar', 'Kota', '21126', '2026-05-23 03:04:33', '2026-05-23 03:04:33'),
(250, 15, 'Penajam Paser Utara', 'Kabupaten', '76311', '2026-05-23 03:04:33', '2026-05-23 03:04:33'),
(251, 18, 'Pesawaran', 'Kabupaten', '35411', '2026-05-23 03:04:33', '2026-05-23 03:04:33'),
(252, 32, 'Pesisir Selatan', 'Kabupaten', '25611', '2026-05-23 03:04:33', '2026-05-23 03:04:33'),
(253, 21, 'Pidie', 'Kabupaten', '24116', '2026-05-23 03:04:33', '2026-05-23 03:04:33'),
(254, 21, 'Pidie Jaya', 'Kabupaten', '24186', '2026-05-23 03:04:33', '2026-05-23 03:04:33'),
(255, 28, 'Pinrang', 'Kabupaten', '91251', '2026-05-23 03:04:33', '2026-05-23 03:04:33'),
(256, 7, 'Pohuwato', 'Kabupaten', '96419', '2026-05-23 03:04:33', '2026-05-23 03:04:33'),
(257, 27, 'Polewali Mandar', 'Kabupaten', '91311', '2026-05-23 03:04:33', '2026-05-23 03:04:33'),
(258, 11, 'Ponorogo', 'Kabupaten', '63411', '2026-05-23 03:04:33', '2026-05-23 03:04:33'),
(259, 12, 'Pontianak', 'Kabupaten', '78971', '2026-05-23 03:04:33', '2026-05-23 03:04:33'),
(260, 12, 'Pontianak', 'Kota', '78112', '2026-05-23 03:04:33', '2026-05-23 03:04:33'),
(261, 29, 'Poso', 'Kabupaten', '94619', '2026-05-23 03:04:33', '2026-05-23 03:04:33'),
(262, 33, 'Prabumulih', 'Kota', '31121', '2026-05-23 03:04:33', '2026-05-23 03:04:33'),
(263, 18, 'Pringsewu', 'Kabupaten', '35719', '2026-05-23 03:04:33', '2026-05-23 03:04:33'),
(264, 11, 'Probolinggo', 'Kabupaten', '67282', '2026-05-23 03:04:33', '2026-05-23 03:04:33'),
(265, 11, 'Probolinggo', 'Kota', '67215', '2026-05-23 03:04:33', '2026-05-23 03:04:33'),
(266, 14, 'Pulang Pisau', 'Kabupaten', '74811', '2026-05-23 03:04:33', '2026-05-23 03:04:33'),
(267, 10, 'Purbalingga', 'Kabupaten', '53312', '2026-05-23 03:04:33', '2026-05-23 03:04:33'),
(268, 10, 'Purworejo', 'Kabupaten', '54111', '2026-05-23 03:04:33', '2026-05-23 03:04:33'),
(269, 9, 'Purwakarta', 'Kabupaten', '41119', '2026-05-23 03:04:33', '2026-05-23 03:04:33'),
(270, 4, 'Rejang Lebong', 'Kabupaten', '39112', '2026-05-23 03:04:33', '2026-05-23 03:04:33'),
(271, 10, 'Rembang', 'Kabupaten', '59219', '2026-05-23 03:04:33', '2026-05-23 03:04:33'),
(272, 26, 'Rokan Hilir', 'Kabupaten', '28992', '2026-05-23 03:04:33', '2026-05-23 03:04:33'),
(273, 26, 'Rokan Hulu', 'Kabupaten', '28511', '2026-05-23 03:04:33', '2026-05-23 03:04:33'),
(274, 23, 'Rote Ndao', 'Kabupaten', '85982', '2026-05-23 03:04:33', '2026-05-23 03:04:33'),
(275, 21, 'Sabang', 'Kota', '23512', '2026-05-23 03:04:33', '2026-05-23 03:04:33'),
(276, 10, 'Salatiga', 'Kota', '50711', '2026-05-23 03:04:33', '2026-05-23 03:04:33'),
(277, 15, 'Samarinda', 'Kota', '75133', '2026-05-23 03:04:33', '2026-05-23 03:04:33'),
(278, 12, 'Sambas', 'Kabupaten', '79462', '2026-05-23 03:04:33', '2026-05-23 03:04:33'),
(279, 34, 'Samosir', 'Kabupaten', '22392', '2026-05-23 03:04:33', '2026-05-23 03:04:33'),
(280, 11, 'Sampang', 'Kabupaten', '69219', '2026-05-23 03:04:33', '2026-05-23 03:04:33'),
(281, 12, 'Sanggau', 'Kabupaten', '78511', '2026-05-23 03:04:33', '2026-05-23 03:04:33'),
(282, 32, 'Sawahlunto', 'Kota', '27416', '2026-05-23 03:04:33', '2026-05-23 03:04:33'),
(283, 12, 'Sekadau', 'Kabupaten', '79583', '2026-05-23 03:04:33', '2026-05-23 03:04:33'),
(284, 10, 'Semarang', 'Kabupaten', '50511', '2026-05-23 03:04:33', '2026-05-23 03:04:33'),
(285, 10, 'Semarang', 'Kota', '50135', '2026-05-23 03:04:33', '2026-05-23 03:04:33'),
(286, 19, 'Seram Bagian Barat', 'Kabupaten', '97561', '2026-05-23 03:04:33', '2026-05-23 03:04:33'),
(287, 19, 'Seram Bagian Timur', 'Kabupaten', '97581', '2026-05-23 03:04:33', '2026-05-23 03:04:33'),
(288, 3, 'Serang', 'Kabupaten', '42182', '2026-05-23 03:04:33', '2026-05-23 03:04:33'),
(289, 3, 'Serang', 'Kota', '42111', '2026-05-23 03:04:33', '2026-05-23 03:04:33'),
(290, 34, 'Serdang Bedagai', 'Kabupaten', '20915', '2026-05-23 03:04:33', '2026-05-23 03:04:33'),
(291, 14, 'Seruyan', 'Kabupaten', '74211', '2026-05-23 03:04:33', '2026-05-23 03:04:33'),
(292, 26, 'Siak', 'Kabupaten', '28623', '2026-05-23 03:04:33', '2026-05-23 03:04:33'),
(293, 28, 'Sidenreng Rappang', 'Kabupaten', '91613', '2026-05-23 03:04:33', '2026-05-23 03:04:33'),
(294, 11, 'Sidoarjo', 'Kabupaten', '61219', '2026-05-23 03:04:33', '2026-05-23 03:04:33'),
(295, 29, 'Sigi', 'Kabupaten', '94364', '2026-05-23 03:04:33', '2026-05-23 03:04:33'),
(296, 34, 'Simalungun', 'Kabupaten', '21162', '2026-05-23 03:04:33', '2026-05-23 03:04:33'),
(297, 21, 'Simeulue', 'Kabupaten', '23891', '2026-05-23 03:04:33', '2026-05-23 03:04:33'),
(298, 12, 'Singkawang', 'Kota', '79117', '2026-05-23 03:04:33', '2026-05-23 03:04:33'),
(299, 28, 'Sinjai', 'Kabupaten', '92611', '2026-05-23 03:04:33', '2026-05-23 03:04:33'),
(300, 12, 'Sintang', 'Kabupaten', '78611', '2026-05-23 03:04:33', '2026-05-23 03:04:33'),
(301, 11, 'Situbondo', 'Kabupaten', '68316', '2026-05-23 03:04:33', '2026-05-23 03:04:33'),
(302, 5, 'Sleman', 'Kabupaten', '55513', '2026-05-23 03:04:33', '2026-05-23 03:04:33'),
(303, 32, 'Solok', 'Kabupaten', '27365', '2026-05-23 03:04:33', '2026-05-23 03:04:33'),
(304, 32, 'Solok', 'Kota', '27315', '2026-05-23 03:04:33', '2026-05-23 03:04:33'),
(305, 32, 'Solok Selatan', 'Kabupaten', '27779', '2026-05-23 03:04:33', '2026-05-23 03:04:33'),
(306, 28, 'Soppeng', 'Kabupaten', '90812', '2026-05-23 03:04:33', '2026-05-23 03:04:33'),
(307, 10, 'Sragen', 'Kabupaten', '57211', '2026-05-23 03:04:33', '2026-05-23 03:04:33'),
(308, 9, 'Subang', 'Kabupaten', '41211', '2026-05-23 03:04:33', '2026-05-23 03:04:33'),
(309, 21, 'Subulussalam', 'Kota', '24782', '2026-05-23 03:04:33', '2026-05-23 03:04:33'),
(310, 9, 'Sukabumi', 'Kabupaten', '43311', '2026-05-23 03:04:33', '2026-05-23 03:04:33'),
(311, 9, 'Sukabumi', 'Kota', '43114', '2026-05-23 03:04:33', '2026-05-23 03:04:33'),
(312, 14, 'Sukamara', 'Kabupaten', '74712', '2026-05-23 03:04:33', '2026-05-23 03:04:33'),
(313, 22, 'Sumbawa', 'Kabupaten', '84315', '2026-05-23 03:04:33', '2026-05-23 03:04:33'),
(314, 22, 'Sumbawa Barat', 'Kabupaten', '84419', '2026-05-23 03:04:33', '2026-05-23 03:04:33'),
(315, 23, 'Sumba Barat', 'Kabupaten', '87219', '2026-05-23 03:04:33', '2026-05-23 03:04:33'),
(316, 23, 'Sumba Barat Daya', 'Kabupaten', '87453', '2026-05-23 03:04:33', '2026-05-23 03:04:33'),
(317, 23, 'Sumba Tengah', 'Kabupaten', '87358', '2026-05-23 03:04:33', '2026-05-23 03:04:33'),
(318, 23, 'Sumba Timur', 'Kabupaten', '87112', '2026-05-23 03:04:33', '2026-05-23 03:04:33'),
(319, 9, 'Sumedang', 'Kabupaten', '45311', '2026-05-23 03:04:33', '2026-05-23 03:04:33'),
(320, 11, 'Sumenep', 'Kabupaten', '69413', '2026-05-23 03:04:33', '2026-05-23 03:04:33'),
(321, 32, 'Sungai Penuh', 'Kota', '37113', '2026-05-23 03:04:33', '2026-05-23 03:04:33'),
(322, 11, 'Surabaya', 'Kota', '60119', '2026-05-23 03:04:33', '2026-05-23 03:04:33'),
(323, 10, 'Sukoharjo', 'Kabupaten', '57511', '2026-05-23 03:04:33', '2026-05-23 03:04:33'),
(324, 10, 'Surakarta (Solo)', 'Kota', '57113', '2026-05-23 03:04:33', '2026-05-23 03:04:33'),
(325, 13, 'Tabalong', 'Kabupaten', '71513', '2026-05-23 03:04:33', '2026-05-23 03:04:33'),
(326, 1, 'Tabanan', 'Kabupaten', '82119', '2026-05-23 03:04:33', '2026-05-23 03:04:33'),
(327, 28, 'Takalar', 'Kabupaten', '92212', '2026-05-23 03:04:33', '2026-05-23 03:04:33'),
(328, 34, 'Tanjung Balai', 'Kota', '21321', '2026-05-23 03:04:33', '2026-05-23 03:04:33'),
(329, 8, 'Tanjung Jabung Barat', 'Kabupaten', '36513', '2026-05-23 03:04:33', '2026-05-23 03:04:33'),
(330, 8, 'Tanjung Jabung Timur', 'Kabupaten', '36719', '2026-05-23 03:04:33', '2026-05-23 03:04:33'),
(331, 17, 'Tanjung Pinang', 'Kota', '29111', '2026-05-23 03:04:33', '2026-05-23 03:04:33'),
(332, 13, 'Tanah Bumbu', 'Kabupaten', '72211', '2026-05-23 03:04:33', '2026-05-23 03:04:33'),
(333, 32, 'Tanah Datar', 'Kabupaten', '27211', '2026-05-23 03:04:33', '2026-05-23 03:04:33'),
(334, 13, 'Tanah Laut', 'Kabupaten', '70811', '2026-05-23 03:04:33', '2026-05-23 03:04:33'),
(335, 3, 'Tangerang', 'Kabupaten', '15914', '2026-05-23 03:04:33', '2026-05-23 03:04:33'),
(336, 3, 'Tangerang', 'Kota', '15111', '2026-05-23 03:04:33', '2026-05-23 03:04:33'),
(337, 3, 'Tangerang Selatan', 'Kota', '15332', '2026-05-23 03:04:33', '2026-05-23 03:04:33'),
(338, 28, 'Tana Toraja', 'Kabupaten', '91819', '2026-05-23 03:04:33', '2026-05-23 03:04:33'),
(339, 34, 'Tapanuli Selatan', 'Kabupaten', '22742', '2026-05-23 03:04:33', '2026-05-23 03:04:33'),
(340, 34, 'Tapanuli Tengah', 'Kabupaten', '22611', '2026-05-23 03:04:33', '2026-05-23 03:04:33'),
(341, 34, 'Tapanuli Utara', 'Kabupaten', '22414', '2026-05-23 03:04:33', '2026-05-23 03:04:33'),
(342, 13, 'Tapin', 'Kabupaten', '71119', '2026-05-23 03:04:33', '2026-05-23 03:04:33'),
(343, 9, 'Tasikmalaya', 'Kabupaten', '46411', '2026-05-23 03:04:33', '2026-05-23 03:04:33'),
(344, 9, 'Tasikmalaya', 'Kota', '46116', '2026-05-23 03:04:33', '2026-05-23 03:04:33'),
(345, 34, 'Tebing Tinggi', 'Kota', '20632', '2026-05-23 03:04:33', '2026-05-23 03:04:33'),
(346, 10, 'Tegal', 'Kabupaten', '52419', '2026-05-23 03:04:33', '2026-05-23 03:04:33'),
(347, 10, 'Tegal', 'Kota', '52114', '2026-05-23 03:04:33', '2026-05-23 03:04:33'),
(348, 8, 'Tebo', 'Kabupaten', '37519', '2026-05-23 03:04:33', '2026-05-23 03:04:33'),
(349, 10, 'Temanggung', 'Kabupaten', '56212', '2026-05-23 03:04:33', '2026-05-23 03:04:33'),
(350, 20, 'Ternate', 'Kota', '97714', '2026-05-23 03:04:33', '2026-05-23 03:04:33'),
(351, 20, 'Tidore Kepulauan', 'Kota', '97815', '2026-05-23 03:04:33', '2026-05-23 03:04:33'),
(352, 23, 'Timor Tengah Selatan', 'Kabupaten', '85519', '2026-05-23 03:04:33', '2026-05-23 03:04:33'),
(353, 23, 'Timor Tengah Utara', 'Kabupaten', '85612', '2026-05-23 03:04:33', '2026-05-23 03:04:33'),
(354, 34, 'Toba Samosir', 'Kabupaten', '22316', '2026-05-23 03:04:33', '2026-05-23 03:04:33'),
(355, 29, 'Tojo Una-Una', 'Kabupaten', '94683', '2026-05-23 03:04:33', '2026-05-23 03:04:33'),
(356, 29, 'Toli-Toli', 'Kabupaten', '94542', '2026-05-23 03:04:33', '2026-05-23 03:04:33'),
(357, 28, 'Toraja Utara', 'Kabupaten', '91831', '2026-05-23 03:04:33', '2026-05-23 03:04:33'),
(358, 11, 'Trenggalek', 'Kabupaten', '66312', '2026-05-23 03:04:33', '2026-05-23 03:04:33'),
(359, 19, 'Tual', 'Kota', '97612', '2026-05-23 03:04:33', '2026-05-23 03:04:33'),
(360, 11, 'Tuban', 'Kabupaten', '62319', '2026-05-23 03:04:33', '2026-05-23 03:04:33'),
(361, 18, 'Tulang Bawang', 'Kabupaten', '34613', '2026-05-23 03:04:33', '2026-05-23 03:04:33'),
(362, 18, 'Tulang Bawang Barat', 'Kabupaten', '34693', '2026-05-23 03:04:33', '2026-05-23 03:04:33'),
(363, 11, 'Tulungagung', 'Kabupaten', '66212', '2026-05-23 03:04:33', '2026-05-23 03:04:33'),
(364, 28, 'Wajo', 'Kabupaten', '90911', '2026-05-23 03:04:33', '2026-05-23 03:04:33'),
(365, 12, 'Pontianak', 'Kota', '78112', '2026-05-23 03:04:33', '2026-05-23 03:04:33'),
(366, 18, 'Way Kanan', 'Kabupaten', '34711', '2026-05-23 03:04:33', '2026-05-23 03:04:33'),
(367, 10, 'Wonogiri', 'Kabupaten', '57619', '2026-05-23 03:04:33', '2026-05-23 03:04:33'),
(368, 10, 'Wonosobo', 'Kabupaten', '56311', '2026-05-23 03:04:33', '2026-05-23 03:04:33'),
(369, 5, 'Yogyakarta', 'Kota', '55111', '2026-05-23 03:04:33', '2026-05-23 03:04:33'),
(370, 26, 'Bengkalis', 'Kabupaten', '28719', '2026-05-23 03:04:33', '2026-05-23 03:04:33'),
(371, 26, 'Dumai', 'Kota', '28811', '2026-05-23 03:04:33', '2026-05-23 03:04:33'),
(372, 26, 'Indragiri Hilir', 'Kabupaten', '29212', '2026-05-23 03:04:33', '2026-05-23 03:04:33'),
(373, 26, 'Indragiri Hulu', 'Kabupaten', '29319', '2026-05-23 03:04:33', '2026-05-23 03:04:33'),
(374, 26, 'Kampar', 'Kabupaten', '28411', '2026-05-23 03:04:33', '2026-05-23 03:04:33'),
(375, 26, 'Kepulauan Meranti', 'Kabupaten', '28791', '2026-05-23 03:04:33', '2026-05-23 03:04:33'),
(376, 26, 'Kuantan Singingi', 'Kabupaten', '29519', '2026-05-23 03:04:33', '2026-05-23 03:04:33'),
(377, 26, 'Pelalawan', 'Kabupaten', '28311', '2026-05-23 03:04:33', '2026-05-23 03:04:33'),
(378, 8, 'Batang Hari', 'Kabupaten', '36613', '2026-05-23 03:04:33', '2026-05-23 03:04:33'),
(379, 8, 'Kerinci', 'Kabupaten', '37167', '2026-05-23 03:04:33', '2026-05-23 03:04:33'),
(380, 8, 'Muaro Jambi', 'Kabupaten', '36364', '2026-05-23 03:04:33', '2026-05-23 03:04:33'),
(381, 8, 'Sarolangun', 'Kabupaten', '37419', '2026-05-23 03:04:33', '2026-05-23 03:04:33'),
(382, 33, 'Banyuasin', 'Kabupaten', '30911', '2026-05-23 03:04:33', '2026-05-23 03:04:33'),
(383, 33, 'Empat Lawang', 'Kabupaten', '31811', '2026-05-23 03:04:33', '2026-05-23 03:04:33'),
(384, 33, 'Lahat', 'Kabupaten', '31419', '2026-05-23 03:04:33', '2026-05-23 03:04:33'),
(385, 33, 'Lubuk Linggau', 'Kota', '31614', '2026-05-23 03:04:33', '2026-05-23 03:04:33'),
(386, 33, 'Muara Enim', 'Kabupaten', '31319', '2026-05-23 03:04:33', '2026-05-23 03:04:33'),
(387, 33, 'Palembang', 'Kota', '30111', '2026-05-23 03:04:33', '2026-05-23 03:04:33'),
(388, 5, 'Bantul', 'Kabupaten', '55711', '2026-05-23 03:04:33', '2026-05-23 03:04:33'),
(389, 15, 'Balikpapan', 'Kota', '76111', '2026-05-23 03:04:33', '2026-05-23 03:04:33'),
(390, 15, 'Berau', 'Kabupaten', '77311', '2026-05-23 03:04:33', '2026-05-23 03:04:33'),
(391, 15, 'Bontang', 'Kota', '75311', '2026-05-23 03:04:33', '2026-05-23 03:04:33'),
(392, 16, 'Bulungan', 'Kabupaten', '77211', '2026-05-23 03:04:33', '2026-05-23 03:04:33'),
(393, 16, 'Tana Tidung', 'Kabupaten', '77611', '2026-05-23 03:04:33', '2026-05-23 03:04:33'),
(394, 16, 'Tarakan', 'Kota', '77114', '2026-05-23 03:04:33', '2026-05-23 03:04:33'),
(395, 18, 'Bandar Lampung', 'Kota', '35139', '2026-05-23 03:04:33', '2026-05-23 03:04:33'),
(396, 34, 'Asahan', 'Kabupaten', '21214', '2026-05-23 03:04:33', '2026-05-23 03:04:33'),
(397, 34, 'Batu Bara', 'Kabupaten', '21255', '2026-05-23 03:04:33', '2026-05-23 03:04:33'),
(398, 34, 'Binjai', 'Kota', '20714', '2026-05-23 03:04:33', '2026-05-23 03:04:33'),
(399, 34, 'Gunung Sitoli', 'Kota', '22813', '2026-05-23 03:04:33', '2026-05-23 03:04:33'),
(400, 34, 'Humbang Hasundutan', 'Kabupaten', '22457', '2026-05-23 03:04:33', '2026-05-23 03:04:33'),
(401, 34, 'Padang Sidempuan', 'Kota', '22721', '2026-05-23 03:04:33', '2026-05-23 03:04:33'),
(402, 31, 'Bolaang Mongondow', 'Kabupaten', '95755', '2026-05-23 03:04:33', '2026-05-23 03:04:33'),
(403, 31, 'Bolaang Mongondow Selatan', 'Kabupaten', '95765', '2026-05-23 03:04:33', '2026-05-23 03:04:33'),
(404, 31, 'Bolaang Mongondow Timur', 'Kabupaten', '95783', '2026-05-23 03:04:33', '2026-05-23 03:04:33'),
(405, 31, 'Bolaang Mongondow Utara', 'Kabupaten', '95765', '2026-05-23 03:04:33', '2026-05-23 03:04:33'),
(406, 31, 'Bitung', 'Kota', '95511', '2026-05-23 03:04:33', '2026-05-23 03:04:33'),
(407, 31, 'Kepulauan Sangihe', 'Kabupaten', '95819', '2026-05-23 03:04:33', '2026-05-23 03:04:33'),
(408, 31, 'Kepulauan Siau Tagulandang Biaro (Sitaro)', 'Kabupaten', '95862', '2026-05-23 03:04:33', '2026-05-23 03:04:33'),
(409, 31, 'Kepulauan Talaud', 'Kabupaten', '95885', '2026-05-23 03:04:33', '2026-05-23 03:04:33'),
(410, 31, 'Kotamobagu', 'Kota', '95711', '2026-05-23 03:04:33', '2026-05-23 03:04:33'),
(411, 31, 'Tomohon', 'Kota', '95416', '2026-05-23 03:04:33', '2026-05-23 03:04:33'),
(412, 29, 'Banggai', 'Kabupaten', '94711', '2026-05-23 03:04:33', '2026-05-23 03:04:33'),
(413, 29, 'Banggai Kepulauan', 'Kabupaten', '94791', '2026-05-23 03:04:33', '2026-05-23 03:04:33'),
(414, 29, 'Buol', 'Kabupaten', '94564', '2026-05-23 03:04:33', '2026-05-23 03:04:33'),
(415, 29, 'Donggala', 'Kabupaten', '94341', '2026-05-23 03:04:33', '2026-05-23 03:04:33'),
(416, 28, 'Bantaeng', 'Kabupaten', '92412', '2026-05-23 03:04:33', '2026-05-23 03:04:33'),
(417, 28, 'Barru', 'Kabupaten', '90719', '2026-05-23 03:04:33', '2026-05-23 03:04:33'),
(418, 28, 'Kepulauan Selayar', 'Kabupaten', '92812', '2026-05-23 03:04:33', '2026-05-23 03:04:33'),
(419, 28, 'Palopo', 'Kota', '91911', '2026-05-23 03:04:33', '2026-05-23 03:04:33'),
(420, 30, 'Bombana', 'Kabupaten', '93771', '2026-05-23 03:04:33', '2026-05-23 03:04:33'),
(421, 30, 'Buton', 'Kabupaten', '93754', '2026-05-23 03:04:33', '2026-05-23 03:04:33'),
(422, 30, 'Konawe Utara', 'Kabupaten', '93311', '2026-05-23 03:04:33', '2026-05-23 03:04:33'),
(423, 30, 'Kolaka Utara', 'Kabupaten', '93911', '2026-05-23 03:04:33', '2026-05-23 03:04:33'),
(424, 30, 'Bau-Bau', 'Kota', '93721', '2026-05-23 03:04:33', '2026-05-23 03:04:33'),
(425, 30, 'Wakatobi', 'Kabupaten', '93791', '2026-05-23 03:04:33', '2026-05-23 03:04:33'),
(426, 24, 'Biak Numfor', 'Kabupaten', '98119', '2026-05-23 03:04:33', '2026-05-23 03:04:33'),
(427, 24, 'Boven Digoel', 'Kabupaten', '99662', '2026-05-23 03:04:33', '2026-05-23 03:04:33'),
(428, 24, 'Deiyai', 'Kabupaten', '98765', '2026-05-23 03:04:33', '2026-05-23 03:04:33'),
(429, 24, 'Dogiyai', 'Kabupaten', '98866', '2026-05-23 03:04:33', '2026-05-23 03:04:33'),
(430, 24, 'Intan Jaya', 'Kabupaten', '98771', '2026-05-23 03:04:33', '2026-05-23 03:04:33'),
(431, 24, 'Keerom', 'Kabupaten', '99461', '2026-05-23 03:04:33', '2026-05-23 03:04:33'),
(432, 24, 'Kepulauan Yapen', 'Kabupaten', '98211', '2026-05-23 03:04:33', '2026-05-23 03:04:33'),
(433, 24, 'Lanny Jaya', 'Kabupaten', '99531', '2026-05-23 03:04:33', '2026-05-23 03:04:33'),
(434, 24, 'Mamberamo Raya', 'Kabupaten', '99381', '2026-05-23 03:04:33', '2026-05-23 03:04:33'),
(435, 24, 'Mamberamo Tengah', 'Kabupaten', '99553', '2026-05-23 03:04:33', '2026-05-23 03:04:33'),
(436, 24, 'Mappi', 'Kabupaten', '99853', '2026-05-23 03:04:33', '2026-05-23 03:04:33'),
(437, 24, 'Nabire', 'Kabupaten', '98816', '2026-05-23 03:04:33', '2026-05-23 03:04:33'),
(438, 24, 'Nduga', 'Kabupaten', '99541', '2026-05-23 03:04:33', '2026-05-23 03:04:33'),
(439, 24, 'Paniai', 'Kabupaten', '98765', '2026-05-23 03:04:33', '2026-05-23 03:04:33'),
(440, 24, 'Pegunungan Bintang', 'Kabupaten', '99573', '2026-05-23 03:04:33', '2026-05-23 03:04:33'),
(441, 24, 'Puncak', 'Kabupaten', '98981', '2026-05-23 03:04:33', '2026-05-23 03:04:33'),
(442, 24, 'Puncak Jaya', 'Kabupaten', '98979', '2026-05-23 03:04:33', '2026-05-23 03:04:33'),
(443, 24, 'Sarmi', 'Kabupaten', '99373', '2026-05-23 03:04:33', '2026-05-23 03:04:33'),
(444, 24, 'Supiori', 'Kabupaten', '98164', '2026-05-23 03:04:33', '2026-05-23 03:04:33'),
(445, 24, 'Tolikara', 'Kabupaten', '99411', '2026-05-23 03:04:33', '2026-05-23 03:04:33'),
(446, 24, 'Waropen', 'Kabupaten', '98269', '2026-05-23 03:04:33', '2026-05-23 03:04:33'),
(447, 24, 'Yahukimo', 'Kabupaten', '99041', '2026-05-23 03:04:33', '2026-05-23 03:04:33'),
(448, 24, 'Yalimo', 'Kabupaten', '99481', '2026-05-23 03:04:33', '2026-05-23 03:04:33'),
(449, 25, 'Fakfak', 'Kabupaten', '98651', '2026-05-23 03:04:33', '2026-05-23 03:04:33'),
(450, 25, 'Kaimana', 'Kabupaten', '98671', '2026-05-23 03:04:33', '2026-05-23 03:04:33'),
(451, 25, 'Manokwari', 'Kabupaten', '98311', '2026-05-23 03:04:33', '2026-05-23 03:04:33'),
(452, 25, 'Manokwari Selatan', 'Kabupaten', '98355', '2026-05-23 03:04:33', '2026-05-23 03:04:33'),
(453, 25, 'Maybrat', 'Kabupaten', '98051', '2026-05-23 03:04:33', '2026-05-23 03:04:33'),
(454, 25, 'Pegunungan Arfak', 'Kabupaten', '98354', '2026-05-23 03:04:33', '2026-05-23 03:04:33'),
(455, 25, 'Raja Ampat', 'Kabupaten', '98489', '2026-05-23 03:04:33', '2026-05-23 03:04:33'),
(456, 25, 'Sorong', 'Kabupaten', '98431', '2026-05-23 03:04:33', '2026-05-23 03:04:33'),
(457, 25, 'Sorong', 'Kota', '98411', '2026-05-23 03:04:33', '2026-05-23 03:04:33'),
(458, 25, 'Sorong Selatan', 'Kabupaten', '98454', '2026-05-23 03:04:33', '2026-05-23 03:04:33'),
(459, 25, 'Tambrauw', 'Kabupaten', '98489', '2026-05-23 03:04:33', '2026-05-23 03:04:33'),
(460, 25, 'Teluk Bintuni', 'Kabupaten', '98551', '2026-05-23 03:04:33', '2026-05-23 03:04:33'),
(461, 25, 'Teluk Wondama', 'Kabupaten', '98591', '2026-05-23 03:04:33', '2026-05-23 03:04:33'),
(462, 19, 'Ambon', 'Kota', '97126', '2026-05-23 03:04:33', '2026-05-23 03:04:33'),
(463, 19, 'Buru', 'Kabupaten', '97371', '2026-05-23 03:04:33', '2026-05-23 03:04:33'),
(464, 19, 'Buru Selatan', 'Kabupaten', '97351', '2026-05-23 03:04:33', '2026-05-23 03:04:33'),
(465, 19, 'Kepulauan Aru', 'Kabupaten', '97619', '2026-05-23 03:04:33', '2026-05-23 03:04:33'),
(466, 19, 'Maluku Barat Daya', 'Kabupaten', '97451', '2026-05-23 03:04:33', '2026-05-23 03:04:33'),
(467, 20, 'Kepulauan Sula', 'Kabupaten', '97895', '2026-05-23 03:04:33', '2026-05-23 03:04:33'),
(468, 20, 'Pulau Morotai', 'Kabupaten', '97771', '2026-05-23 03:04:33', '2026-05-23 03:04:33'),
(469, 20, 'Pulau Taliabu', 'Kabupaten', '97852', '2026-05-23 03:04:33', '2026-05-23 03:04:33'),
(470, 20, 'Ternate', 'Kota', '97714', '2026-05-23 03:04:33', '2026-05-23 03:04:33'),
(471, 20, 'Tidore Kepulauan', 'Kota', '97815', '2026-05-23 03:04:33', '2026-05-23 03:04:33'),
(472, 23, 'Alor', 'Kabupaten', '85811', '2026-05-23 03:04:33', '2026-05-23 03:04:33'),
(473, 23, 'Belu', 'Kabupaten', '85711', '2026-05-23 03:04:33', '2026-05-23 03:04:33'),
(474, 23, 'Kupang', 'Kabupaten', '85362', '2026-05-23 03:04:33', '2026-05-23 03:04:33'),
(475, 23, 'Kupang', 'Kota', '85119', '2026-05-23 03:04:33', '2026-05-23 03:04:33'),
(476, 23, 'Lembata', 'Kabupaten', '86611', '2026-05-23 03:04:33', '2026-05-23 03:04:33'),
(477, 23, 'Malaka', 'Kabupaten', '85771', '2026-05-23 03:04:33', '2026-05-23 03:04:33'),
(478, 23, 'Nagekeo', 'Kabupaten', '86452', '2026-05-23 03:04:33', '2026-05-23 03:04:33'),
(479, 23, 'Ngada', 'Kabupaten', '86413', '2026-05-23 03:04:33', '2026-05-23 03:04:33'),
(480, 23, 'Sabu Raijua', 'Kabupaten', '85391', '2026-05-23 03:04:33', '2026-05-23 03:04:33'),
(481, 23, 'Sikka', 'Kabupaten', '86121', '2026-05-23 03:04:33', '2026-05-23 03:04:33'),
(482, 32, 'Agam', 'Kabupaten', '26412', '2026-05-23 03:04:33', '2026-05-23 03:04:33'),
(483, 32, 'Bukittinggi', 'Kota', '26115', '2026-05-23 03:04:33', '2026-05-23 03:04:33'),
(484, 32, 'Dharmasraya', 'Kabupaten', '27612', '2026-05-23 03:04:33', '2026-05-23 03:04:33'),
(485, 32, 'Kepulauan Mentawai', 'Kabupaten', '25711', '2026-05-23 03:04:33', '2026-05-23 03:04:33'),
(486, 32, 'Lima Puluh Kota', 'Kabupaten', '26213', '2026-05-23 03:04:33', '2026-05-23 03:04:33'),
(487, 32, 'Sijunjung', 'Kabupaten', '27511', '2026-05-23 03:04:33', '2026-05-23 03:04:33'),
(488, 21, 'Banda Aceh', 'Kota', '23111', '2026-05-23 03:04:33', '2026-05-23 03:04:33'),
(489, 2, 'Belitung', 'Kabupaten', '33419', '2026-05-23 03:04:33', '2026-05-23 03:04:33'),
(490, 2, 'Belitung Timur', 'Kabupaten', '33519', '2026-05-23 03:04:33', '2026-05-23 03:04:33'),
(491, 4, 'Kaur', 'Kabupaten', '38911', '2026-05-23 03:04:33', '2026-05-23 03:04:33'),
(492, 4, 'Seluma', 'Kabupaten', '38811', '2026-05-23 03:04:33', '2026-05-23 03:04:33'),
(493, 9, 'Bekasi', 'Kabupaten', '17530', '2026-05-23 03:04:33', '2026-05-23 03:04:33'),
(494, 9, 'Bekasi', 'Kota', '17112', '2026-05-23 03:04:33', '2026-05-23 03:04:33'),
(495, 9, 'Pangandaran', 'Kabupaten', '46511', '2026-05-23 03:04:33', '2026-05-23 03:04:33'),
(496, 10, 'Kendal', 'Kabupaten', '51314', '2026-05-23 03:04:33', '2026-05-23 03:04:33'),
(497, 10, 'Semarang', 'Kabupaten', '50511', '2026-05-23 03:04:33', '2026-05-23 03:04:33'),
(498, 10, 'Purbalingga', 'Kabupaten', '53312', '2026-05-23 03:04:33', '2026-05-23 03:04:33'),
(499, 10, 'Karanganyar', 'Kabupaten', '57718', '2026-05-23 03:04:33', '2026-05-23 03:04:33'),
(500, 10, 'Magelang', 'Kabupaten', '56519', '2026-05-23 03:04:33', '2026-05-23 03:04:33'),
(501, 10, 'Pekalongan', 'Kabupaten', '51161', '2026-05-23 03:04:33', '2026-05-23 03:04:33');

-- --------------------------------------------------------

--
-- Table structure for table `customer_service_messages`
--

CREATE TABLE `customer_service_messages` (
  `id` bigint(20) UNSIGNED NOT NULL,
  `user_id` bigint(20) UNSIGNED DEFAULT NULL,
  `name` varchar(255) NOT NULL,
  `email` varchar(255) NOT NULL,
  `phone` varchar(255) DEFAULT NULL,
  `subject` varchar(255) NOT NULL,
  `message` text NOT NULL,
  `type` enum('complaint','question','suggestion','other') NOT NULL DEFAULT 'question',
  `status` enum('pending','read','replied','closed') NOT NULL DEFAULT 'pending',
  `reply` text DEFAULT NULL,
  `replied_at` timestamp NULL DEFAULT NULL,
  `created_at` timestamp NULL DEFAULT NULL,
  `updated_at` timestamp NULL DEFAULT NULL
) ENGINE=InnoDB DEFAULT CHARSET=utf8mb4 COLLATE=utf8mb4_unicode_ci;

-- --------------------------------------------------------

--
-- Table structure for table `daily_sales_summaries`
--

CREATE TABLE `daily_sales_summaries` (
  `id` bigint(20) UNSIGNED NOT NULL,
  `date` date NOT NULL,
  `total_transactions` int(11) NOT NULL DEFAULT 0,
  `total_revenue` decimal(15,2) NOT NULL DEFAULT 0.00,
  `total_products_sold` int(11) NOT NULL DEFAULT 0,
  `average_order_value` decimal(12,2) NOT NULL DEFAULT 0.00,
  `created_at` timestamp NULL DEFAULT NULL,
  `updated_at` timestamp NULL DEFAULT NULL
) ENGINE=InnoDB DEFAULT CHARSET=utf8mb4 COLLATE=utf8mb4_unicode_ci;

-- --------------------------------------------------------

--
-- Table structure for table `failed_jobs`
--

CREATE TABLE `failed_jobs` (
  `id` bigint(20) UNSIGNED NOT NULL,
  `uuid` varchar(255) NOT NULL,
  `connection` text NOT NULL,
  `queue` text NOT NULL,
  `payload` longtext NOT NULL,
  `exception` longtext NOT NULL,
  `failed_at` timestamp NOT NULL DEFAULT current_timestamp()
) ENGINE=InnoDB DEFAULT CHARSET=utf8mb4 COLLATE=utf8mb4_unicode_ci;

-- --------------------------------------------------------

--
-- Table structure for table `financial_reports`
--

CREATE TABLE `financial_reports` (
  `id` bigint(20) UNSIGNED NOT NULL,
  `report_date` date NOT NULL,
  `total_sales` decimal(15,2) NOT NULL DEFAULT 0.00,
  `total_discount` decimal(15,2) NOT NULL DEFAULT 0.00,
  `total_shipping` decimal(15,2) NOT NULL DEFAULT 0.00,
  `net_sales` decimal(15,2) NOT NULL DEFAULT 0.00,
  `total_orders` int(11) NOT NULL DEFAULT 0,
  `total_customers` int(11) NOT NULL DEFAULT 0,
  `created_at` timestamp NULL DEFAULT NULL,
  `updated_at` timestamp NULL DEFAULT NULL
) ENGINE=InnoDB DEFAULT CHARSET=utf8mb4 COLLATE=utf8mb4_unicode_ci;

-- --------------------------------------------------------

--
-- Table structure for table `jobs`
--

CREATE TABLE `jobs` (
  `id` bigint(20) UNSIGNED NOT NULL,
  `queue` varchar(255) NOT NULL,
  `payload` longtext NOT NULL,
  `attempts` tinyint(3) UNSIGNED NOT NULL,
  `reserved_at` int(10) UNSIGNED DEFAULT NULL,
  `available_at` int(10) UNSIGNED NOT NULL,
  `created_at` int(10) UNSIGNED NOT NULL
) ENGINE=InnoDB DEFAULT CHARSET=utf8mb4 COLLATE=utf8mb4_unicode_ci;

-- --------------------------------------------------------

--
-- Table structure for table `job_batches`
--

CREATE TABLE `job_batches` (
  `id` varchar(255) NOT NULL,
  `name` varchar(255) NOT NULL,
  `total_jobs` int(11) NOT NULL,
  `pending_jobs` int(11) NOT NULL,
  `failed_jobs` int(11) NOT NULL,
  `failed_job_ids` longtext NOT NULL,
  `options` mediumtext DEFAULT NULL,
  `cancelled_at` int(11) DEFAULT NULL,
  `created_at` int(11) NOT NULL,
  `finished_at` int(11) DEFAULT NULL
) ENGINE=InnoDB DEFAULT CHARSET=utf8mb4 COLLATE=utf8mb4_unicode_ci;

-- --------------------------------------------------------

--
-- Table structure for table `migrations`
--

CREATE TABLE `migrations` (
  `id` int(10) UNSIGNED NOT NULL,
  `migration` varchar(255) NOT NULL,
  `batch` int(11) NOT NULL
) ENGINE=InnoDB DEFAULT CHARSET=utf8mb4 COLLATE=utf8mb4_unicode_ci;

--
-- Dumping data for table `migrations`
--

INSERT INTO `migrations` (`id`, `migration`, `batch`) VALUES
(1, '0001_01_01_000000_create_users_table', 1),
(2, '0001_01_01_000001_create_cache_table', 1),
(3, '0001_01_01_000002_create_jobs_table', 1),
(4, '2026_04_21_115816_create_categories_table', 1),
(5, '2026_04_21_115816_create_products_table', 1),
(6, '2026_04_21_115817_create_banners_table', 1),
(7, '2026_04_21_115817_create_vouchers_table', 1),
(8, '2026_04_21_115818_create_cart_items_table', 1),
(9, '2026_04_21_115818_create_carts_table', 1),
(10, '2026_04_21_115818_create_wishlists_table', 1),
(11, '2026_04_21_115819_create_transaction_details_table', 1),
(12, '2026_04_21_115819_create_transactions_table', 1),
(13, '2026_04_21_115820_create_ratings_table', 1),
(14, '2026_04_21_115820_create_retur_items_table', 1),
(15, '2026_04_21_115820_create_returs_table', 1),
(16, '2026_04_21_115821_create_notification_settings_table', 1),
(17, '2026_04_21_115821_create_notifications_table', 1),
(18, '2026_04_21_115822_create_customer_service_messages_table', 1),
(19, '2026_04_21_115822_create_user_addresses_table', 1),
(20, '2026_04_21_115822_create_user_vouchers_table', 1),
(21, '2026_04_21_115823_create_stocks_table', 1),
(22, '2026_04_21_115823_create_voucher_usage_logs_table', 1),
(23, '2026_04_21_115824_create_activity_logs_table', 1),
(24, '2026_04_21_115824_create_financial_reports_table', 1),
(25, '2026_04_21_115824_create_shipping_costs_table', 1),
(26, '2026_04_21_115825_create_daily_sales_summaries_table', 1),
(27, '2026_04_21_115825_create_store_settings_table', 1),
(28, '2026_04_21_120852_add_foreign_keys_to_all_tables', 1),
(29, '2026_05_23_163600_create_provinces_table', 2),
(30, '2026_05_23_163601_create_cities_table', 2),
(31, '2026_05_23_163602_create_subdistricts_table', 2),
(32, '2026_05_23_163603_add_subdistrict_id_to_user_addresses_table', 2),
(33, '2026_05_26_150000_add_tracking_to_transactions_table', 3),
(34, '2026_06_02_150000_update_vouchers_table_structure', 4),
(35, '2026_06_02_153000_add_admin_reply_to_ratings_table', 5),
(36, '2026_06_13_091905_add_subtitle_and_description_to_banners_table', 6),
(37, '2026_06_14_070949_add_snap_fields_to_transactions_table', 7),
(38, '2026_06_14_080256_add_expired_to_transaction_status_enum', 8),
(39, '2026_06_27_180213_add_active_user_fields_to_vouchers_table', 9),
(40, '2026_06_27_183900_change_voucher_relation_to_use_code', 10);

-- --------------------------------------------------------

--
-- Table structure for table `notifications`
--

CREATE TABLE `notifications` (
  `id` bigint(20) UNSIGNED NOT NULL,
  `user_id` bigint(20) UNSIGNED NOT NULL,
  `title` varchar(255) NOT NULL,
  `message` text NOT NULL,
  `type` varchar(255) NOT NULL DEFAULT 'info',
  `link` varchar(255) DEFAULT NULL,
  `is_read` tinyint(1) NOT NULL DEFAULT 0,
  `created_at` timestamp NULL DEFAULT NULL,
  `updated_at` timestamp NULL DEFAULT NULL
) ENGINE=InnoDB DEFAULT CHARSET=utf8mb4 COLLATE=utf8mb4_unicode_ci;

--
-- Dumping data for table `notifications`
--

INSERT INTO `notifications` (`id`, `user_id`, `title`, `message`, `type`, `link`, `is_read`, `created_at`, `updated_at`) VALUES
(1, 2, 'Promo Spesial Untuk Anda! ✨', 'Halo Sarah Customer, nikmati promo khusus untuk produk pilihan kami: \"Mochi Knitted Oversized Top\", \"Daisy Vintage Floral Top\", \"Tokyo Asymmetric Collar Shirt\", \"Sienna Linen Summer Blouse\", \"Aura Premium Silk Kulot\". Jangan lewatkan kesempatan ini!', 'promo', 'https://legroom-bluish-vastness.ngrok-free.dev/products', 0, '2026-06-12 00:56:11', '2026-06-12 00:56:11'),
(2, 6, 'Promo Spesial Untuk Anda! ✨', 'Halo Gev, nikmati promo khusus untuk produk pilihan kami: \"Mochi Knitted Oversized Top\", \"Daisy Vintage Floral Top\", \"Tokyo Asymmetric Collar Shirt\", \"Sienna Linen Summer Blouse\", \"Aura Premium Silk Kulot\". Jangan lewatkan kesempatan ini!', 'promo', 'https://legroom-bluish-vastness.ngrok-free.dev/products', 1, '2026-06-12 00:56:11', '2026-06-12 01:06:52'),
(3, 6, 'Pesanan Dikirim 🚚', 'Pesanan Anda #13 telah dikirim menggunakan kurir JNE dengan nomor resi: JP23343112.', 'shipping', 'https://legroom-bluish-vastness.ngrok-free.dev/transactions/13', 1, '2026-06-12 00:59:19', '2026-06-12 01:06:52'),
(4, 6, 'Pesanan Telah Tiba 🏡', 'Pesanan Anda #INV/20260612/000012 telah sampai di tujuan. Silakan konfirmasi penerimaan dan berikan ulasan produk.', 'shipping', 'http://127.0.0.1:8000/transactions/13', 0, '2026-06-13 08:27:59', '2026-06-13 08:27:59'),
(5, 6, 'Pesanan Berhasil Dibuat 🛒', 'Pesanan Anda #INV/20260613/000013 telah berhasil dibuat. Silakan lakukan pembayaran.', 'info', 'http://127.0.0.1:8000/transactions/14', 1, '2026-06-13 08:40:36', '2026-06-13 08:51:24'),
(6, 1, 'Pesanan Baru Masuk 🛒', 'Pelanggan Gev membuat pesanan baru #INV/20260613/000013.', 'info', 'http://127.0.0.1:8000/admin/transactions/14', 0, '2026-06-13 08:40:36', '2026-06-13 08:40:36'),
(7, 7, 'Pesanan Baru Masuk 🛒', 'Pelanggan Gev membuat pesanan baru #INV/20260613/000013.', 'info', 'http://127.0.0.1:8000/admin/transactions/14', 0, '2026-06-13 08:40:36', '2026-06-13 08:40:36'),
(8, 6, 'Pesanan Berhasil Dibuat 🛒', 'Pesanan Anda #INV/20260613/000014 telah berhasil dibuat. Silakan lakukan pembayaran.', 'info', 'http://127.0.0.1:8000/transactions/15', 1, '2026-06-13 08:48:29', '2026-06-13 08:51:19'),
(9, 1, 'Pesanan Baru Masuk 🛒', 'Pelanggan Gev membuat pesanan baru #INV/20260613/000014.', 'info', 'http://127.0.0.1:8000/admin/transactions/15', 0, '2026-06-13 08:48:29', '2026-06-13 08:48:29'),
(10, 7, 'Pesanan Baru Masuk 🛒', 'Pelanggan Gev membuat pesanan baru #INV/20260613/000014.', 'info', 'http://127.0.0.1:8000/admin/transactions/15', 0, '2026-06-13 08:48:29', '2026-06-13 08:48:29'),
(11, 6, 'Pembayaran Diterima 💳', 'Pembayaran untuk pesanan #INV/20260613/000014 telah berhasil kami terima. Pesanan Anda sedang diproses.', 'info', 'http://127.0.0.1:8000/transactions/15', 0, '2026-06-14 01:00:37', '2026-06-14 01:00:37'),
(12, 1, 'Pembayaran Diperbarui (Admin) 💳', 'Status pembayaran pesanan #INV/20260613/000014 telah diubah menjadi LUNAS oleh admin.', 'info', 'http://127.0.0.1:8000/admin/transactions/15', 0, '2026-06-14 01:00:37', '2026-06-14 01:00:37'),
(13, 7, 'Pembayaran Diperbarui (Admin) 💳', 'Status pembayaran pesanan #INV/20260613/000014 telah diubah menjadi LUNAS oleh admin.', 'info', 'http://127.0.0.1:8000/admin/transactions/15', 0, '2026-06-14 01:00:37', '2026-06-14 01:00:37'),
(14, 6, 'Pesanan Diproses 📦', 'Pesanan Anda #INV/20260613/000014 sedang diproses dan dikemas.', 'info', 'http://127.0.0.1:8000/transactions/15', 0, '2026-06-14 01:00:41', '2026-06-14 01:00:41'),
(15, 6, 'Pesanan Kadaluarsa ⏰', 'Batas waktu pembayaran pesanan #INV/20260613/000013 telah habis. Pesanan dibatalkan otomatis.', 'info', 'http://127.0.0.1:8000/transactions/14', 0, '2026-06-14 01:00:46', '2026-06-14 01:00:46'),
(16, 6, 'Pesanan Dibatalkan 🚫', 'Pesanan Anda #INV/20260613/000013 telah dibatalkan oleh pihak toko.', 'info', 'http://127.0.0.1:8000/transactions/14', 0, '2026-06-14 01:00:50', '2026-06-14 01:00:50'),
(17, 6, 'Pesanan Berhasil Dibuat 🛒', 'Pesanan Anda #INV/20260614/000015 telah berhasil dibuat. Silakan lakukan pembayaran.', 'info', 'http://127.0.0.1:8000/transactions/16', 0, '2026-06-14 04:17:05', '2026-06-14 04:17:05'),
(18, 1, 'Pesanan Baru Masuk 🛒', 'Pelanggan Gev membuat pesanan baru #INV/20260614/000015.', 'info', 'http://127.0.0.1:8000/admin/transactions/16', 0, '2026-06-14 04:17:05', '2026-06-14 04:17:05'),
(19, 7, 'Pesanan Baru Masuk 🛒', 'Pelanggan Gev membuat pesanan baru #INV/20260614/000015.', 'info', 'http://127.0.0.1:8000/admin/transactions/16', 0, '2026-06-14 04:17:05', '2026-06-14 04:17:05'),
(20, 6, 'Pembayaran Diterima 💳', 'Pembayaran untuk pesanan #INV/20260614/000015 telah berhasil kami terima. Pesanan Anda sedang diproses.', 'info', 'http://127.0.0.1:8000/transactions/16', 0, '2026-06-14 04:19:12', '2026-06-14 04:19:12'),
(21, 1, 'Pembayaran Diperbarui (Admin) 💳', 'Status pembayaran pesanan #INV/20260614/000015 telah diubah menjadi LUNAS oleh admin.', 'info', 'http://127.0.0.1:8000/admin/transactions/16', 0, '2026-06-14 04:19:12', '2026-06-14 04:19:12'),
(22, 7, 'Pembayaran Diperbarui (Admin) 💳', 'Status pembayaran pesanan #INV/20260614/000015 telah diubah menjadi LUNAS oleh admin.', 'info', 'http://127.0.0.1:8000/admin/transactions/16', 0, '2026-06-14 04:19:12', '2026-06-14 04:19:12'),
(23, 2, 'Proses Retur Selesai ↩️', 'Proses pengembalian untuk retur #RET/20260502/0001 telah selesai diproses.', 'info', 'http://127.0.0.1:8000/returs/1', 0, '2026-06-17 01:56:00', '2026-06-17 01:56:00'),
(24, 1, 'Pesanan Berhasil Dibuat 🛒', 'Pesanan Anda #INV/20260701/000016 telah berhasil dibuat. Silakan lakukan pembayaran.', 'info', 'http://127.0.0.1:8000/transactions/17', 0, '2026-06-30 19:37:12', '2026-06-30 19:37:12'),
(25, 1, 'Pesanan Baru Masuk 🛒', 'Pelanggan Administrator membuat pesanan baru #INV/20260701/000016.', 'info', 'http://127.0.0.1:8000/admin/transactions/17', 0, '2026-06-30 19:37:12', '2026-06-30 19:37:12'),
(26, 7, 'Pesanan Baru Masuk 🛒', 'Pelanggan Administrator membuat pesanan baru #INV/20260701/000016.', 'info', 'http://127.0.0.1:8000/admin/transactions/17', 0, '2026-06-30 19:37:12', '2026-06-30 19:37:12');

-- --------------------------------------------------------

--
-- Table structure for table `notification_settings`
--

CREATE TABLE `notification_settings` (
  `id` bigint(20) UNSIGNED NOT NULL,
  `user_id` bigint(20) UNSIGNED NOT NULL,
  `email_order_update` tinyint(1) NOT NULL DEFAULT 1,
  `email_promotion` tinyint(1) NOT NULL DEFAULT 0,
  `push_order_update` tinyint(1) NOT NULL DEFAULT 1,
  `push_promotion` tinyint(1) NOT NULL DEFAULT 0,
  `created_at` timestamp NULL DEFAULT NULL,
  `updated_at` timestamp NULL DEFAULT NULL
) ENGINE=InnoDB DEFAULT CHARSET=utf8mb4 COLLATE=utf8mb4_unicode_ci;

-- --------------------------------------------------------

--
-- Table structure for table `password_reset_tokens`
--

CREATE TABLE `password_reset_tokens` (
  `email` varchar(255) NOT NULL,
  `token` varchar(255) NOT NULL,
  `created_at` timestamp NULL DEFAULT NULL
) ENGINE=InnoDB DEFAULT CHARSET=utf8mb4 COLLATE=utf8mb4_unicode_ci;

-- --------------------------------------------------------

--
-- Table structure for table `products`
--

CREATE TABLE `products` (
  `id` bigint(20) UNSIGNED NOT NULL,
  `category_id` bigint(20) UNSIGNED NOT NULL,
  `name` varchar(255) NOT NULL,
  `slug` varchar(255) NOT NULL,
  `description` text NOT NULL,
  `price` decimal(12,2) NOT NULL,
  `discount_price` decimal(12,2) DEFAULT NULL,
  `stock` int(11) NOT NULL,
  `image` varchar(255) DEFAULT NULL,
  `gallery` longtext CHARACTER SET utf8mb4 COLLATE utf8mb4_bin DEFAULT NULL CHECK (json_valid(`gallery`)),
  `sku` varchar(255) DEFAULT NULL,
  `is_promo` tinyint(1) NOT NULL DEFAULT 0,
  `is_active` tinyint(1) NOT NULL DEFAULT 1,
  `views_count` int(11) NOT NULL DEFAULT 0,
  `sold_count` int(11) NOT NULL DEFAULT 0,
  `created_at` timestamp NULL DEFAULT NULL,
  `updated_at` timestamp NULL DEFAULT NULL
) ENGINE=InnoDB DEFAULT CHARSET=utf8mb4 COLLATE=utf8mb4_unicode_ci;

--
-- Dumping data for table `products`
--

INSERT INTO `products` (`id`, `category_id`, `name`, `slug`, `description`, `price`, `discount_price`, `stock`, `image`, `gallery`, `sku`, `is_promo`, `is_active`, `views_count`, `sold_count`, `created_at`, `updated_at`) VALUES
(1, 1, 'Blus Smocked', 'blus-smocked', 'Blus wanita warna biru muda merek Hongye memiliki aksen pita bagian depan. Blus ini menampilkan desain Smocked pada bagian dada.', 189000.00, NULL, 28, 'products/4s6cmfaL9VlKgsvF9HVWmybP1Qh4hyVFuqZy9eem.png', NULL, 'AC-TOP-001', 0, 1, 54, 6, '2026-06-01 01:38:19', '2026-06-29 03:02:45'),
(2, 1, 'Knitted Polo Top', 'knitted-polo-top', 'Atasan rajut wanita dengan bukaan zipper di bagian depan. Berbahan rajut katun premium yang lembut, tebal, namun tetap elastis dan berstruktur, serta dilengkapi potongan karet (ribbed trim) di bagian pinggang.', 399000.00, 309999.00, 30, 'products/X5JCpb6gZ7NYQOOpdIm92V3S4hH4QtdodpULLt0L.png', NULL, 'AC-TOP-002', 1, 1, 115, 15, '2026-06-01 01:38:19', '2026-06-27 02:56:40'),
(3, 1, 'Striped Knit Sweater', 'striped-knit-sweater', 'Atasan rajut oversized premium dengan tekstur ribbed murni yang super halus. Terasa sangat elastis, ringan namun menghangatkan. Menampilkan potongan leher bulat klasik yang minimalis dan aesthetic.', 119000.00, 99999.00, 18, 'products/PiUcsFnPCc7xgo0ofB4Ql9d3OCk9STF9QFLqBYgL.png', NULL, 'AC-TOP-003', 1, 1, 153, 7, '2026-06-01 01:38:19', '2026-06-30 19:37:12'),
(4, 3, 'Presbody Mini Balloon Dress', 'presbody-mini-balloon-dress', 'Dress yang didesain dengan square neck dengan lengan panjang pas badan. Bagian pinggang memiliki efek kerutan halus untuk memberikan siluet ramping. Bagian bawah model bubble skirt dan melengkung ke dalam pada bagian ujungnya.', 299000.00, NULL, 16, 'products/jIWh3ObCTwQLv3vILrnoiJlRN8vk0lD3YnlazC8h.png', NULL, 'AC-TOP-004', 0, 1, 34, 3, '2026-06-01 01:38:19', '2026-06-13 09:02:25'),
(7, 2, 'Pleated Mini Skort', 'pleated-mini-skort', 'Rok mini skort alertt berbahan katun tebal, tidak tembus pandang, dan lembut ala korean style. Bagian pinggang menggunakan karet elastis. sangat pas digunakan sebagai bawahan pesta sederhana maupun berpergian.', 159000.00, NULL, 16, 'products/5IQkcdxPVtMdT8v9RraVoyKhHY040eUKMOeBqO4w.png', NULL, 'AC-TOP-007', 0, 1, 134, 12, '2026-06-01 01:38:19', '2026-06-30 19:34:41'),
(9, 3, 'Dress Jeans Vintage', 'dress-jeans-vintage', 'Dress denga kerah lebar bergaya retro berbahan denim yang dilengkapi dengan kancing depan penuh, lengan panjang, serta belt kulit berwarna cokelat untuk mempertegas siluet pinggang.', 284000.00, 279000.00, 14, 'products/qpN9JbpInbmi5OLKE6xB0MLlG247Tx2rtVppYj6a.png', NULL, 'AC-TOP-009', 1, 1, 64, 13, '2026-06-01 01:38:19', '2026-06-12 06:23:45'),
(18, 2, 'Celana Cargo Pants', 'celana-cargo-pants', 'Celana cargo longgar berbahan kain licin berkualitas mewah. Permukaan kain memberikan efek mengkilap premium yang anggun ketika tertimpa cahaya, sangat tepat untuk setelan kasual.', 45000.00, NULL, 10, 'products/UVGiF1gV1QeKkMqJDYIgsEDoNDZwTDR0mfev8KlY.png', NULL, 'AC-BOT-018', 0, 1, 60, 15, '2026-06-01 01:38:19', '2026-06-16 18:27:23'),
(22, 2, 'Celana Jeanss', 'celana-jeanss', 'Berbahan Jeans dengan ukuran standar dengan berbagai motif.', 219000.00, NULL, 25, 'products/1D9CHV7TKGN5Kit6aXqrglibx0WyD9VV2t81E8wR.png', NULL, 'AC-BOT-022', 0, 1, 140, 14, '2026-06-01 01:38:19', '2026-06-27 00:39:21'),
(28, 3, 'Midi Long Dress Soft Suede', 'midi-long-dress-soft-suede', 'Dress model vintage atau korean style ini disertai vest potongan pendek asimetris dengan kancing pajangan, rok panjang bermodel A-line, serta kemeja putih berkerah tinggi dengan tali pita bagian leher.', 439000.00, 339999.00, 29, 'products/6EF0nFcvw7xQ4MD4zX0jVZcnjYbgvEutaRAFODqK.png', NULL, 'AC-DRS-028', 1, 1, 54, 9, '2026-06-01 01:38:19', '2026-06-14 01:00:50'),
(29, 3, 'Set Midi Dress+Outer Vest', 'set-midi-dressouter-vest', 'Dress berbahan katun yang lembut dengan kerah lebar bermodel peter pan collar berlengan pendek. Dress ini disertai dengan outer vest atau rompi rajut bermotif garis-garis.', 259000.00, NULL, 25, 'products/SJzADD9jzGPavsGLR0FCaZe0nBoCPpYfLIL8ZsZJ.png', NULL, 'AC-DRS-029', 0, 1, 67, 13, '2026-06-01 01:38:19', '2026-06-12 05:48:30');

-- --------------------------------------------------------

--
-- Table structure for table `provinces`
--

CREATE TABLE `provinces` (
  `id` bigint(20) UNSIGNED NOT NULL,
  `name` varchar(255) NOT NULL,
  `created_at` timestamp NULL DEFAULT NULL,
  `updated_at` timestamp NULL DEFAULT NULL
) ENGINE=InnoDB DEFAULT CHARSET=utf8mb4 COLLATE=utf8mb4_unicode_ci;

--
-- Dumping data for table `provinces`
--

INSERT INTO `provinces` (`id`, `name`, `created_at`, `updated_at`) VALUES
(1, 'Bali', '2026-05-23 03:04:33', '2026-05-23 03:04:33'),
(2, 'Bangka Belitung', '2026-05-23 03:04:33', '2026-05-23 03:04:33'),
(3, 'Banten', '2026-05-23 03:04:33', '2026-05-23 03:04:33'),
(4, 'Bengkulu', '2026-05-23 03:04:33', '2026-05-23 03:04:33'),
(5, 'DI Yogyakarta', '2026-05-23 03:04:33', '2026-05-23 03:04:33'),
(6, 'DKI Jakarta', '2026-05-23 03:04:33', '2026-05-23 03:04:33'),
(7, 'Gorontalo', '2026-05-23 03:04:33', '2026-05-23 03:04:33'),
(8, 'Jambi', '2026-05-23 03:04:33', '2026-05-23 03:04:33'),
(9, 'Jawa Barat', '2026-05-23 03:04:33', '2026-05-23 03:04:33'),
(10, 'Jawa Tengah', '2026-05-23 03:04:33', '2026-05-23 03:04:33'),
(11, 'Jawa Timur', '2026-05-23 03:04:33', '2026-05-23 03:04:33'),
(12, 'Kalimantan Barat', '2026-05-23 03:04:33', '2026-05-23 03:04:33'),
(13, 'Kalimantan Selatan', '2026-05-23 03:04:33', '2026-05-23 03:04:33'),
(14, 'Kalimantan Tengah', '2026-05-23 03:04:33', '2026-05-23 03:04:33'),
(15, 'Kalimantan Timur', '2026-05-23 03:04:33', '2026-05-23 03:04:33'),
(16, 'Kalimantan Utara', '2026-05-23 03:04:33', '2026-05-23 03:04:33'),
(17, 'Kepulauan Riau', '2026-05-23 03:04:33', '2026-05-23 03:04:33'),
(18, 'Lampung', '2026-05-23 03:04:33', '2026-05-23 03:04:33'),
(19, 'Maluku', '2026-05-23 03:04:33', '2026-05-23 03:04:33'),
(20, 'Maluku Utara', '2026-05-23 03:04:33', '2026-05-23 03:04:33'),
(21, 'Nanggroe Aceh Darussalam (NAD)', '2026-05-23 03:04:33', '2026-05-23 03:04:33'),
(22, 'Nusa Tenggara Barat (NTB)', '2026-05-23 03:04:33', '2026-05-23 03:04:33'),
(23, 'Nusa Tenggara Timur (NTT)', '2026-05-23 03:04:33', '2026-05-23 03:04:33'),
(24, 'Papua', '2026-05-23 03:04:33', '2026-05-23 03:04:33'),
(25, 'Papua Barat', '2026-05-23 03:04:33', '2026-05-23 03:04:33'),
(26, 'Riau', '2026-05-23 03:04:33', '2026-05-23 03:04:33'),
(27, 'Sulawesi Barat', '2026-05-23 03:04:33', '2026-05-23 03:04:33'),
(28, 'Sulawesi Selatan', '2026-05-23 03:04:33', '2026-05-23 03:04:33'),
(29, 'Sulawesi Tengah', '2026-05-23 03:04:33', '2026-05-23 03:04:33'),
(30, 'Sulawesi Tenggara', '2026-05-23 03:04:33', '2026-05-23 03:04:33'),
(31, 'Sulawesi Utara', '2026-05-23 03:04:33', '2026-05-23 03:04:33'),
(32, 'Sumatera Barat', '2026-05-23 03:04:33', '2026-05-23 03:04:33'),
(33, 'Sumatera Selatan', '2026-05-23 03:04:33', '2026-05-23 03:04:33'),
(34, 'Sumatera Utara', '2026-05-23 03:04:33', '2026-05-23 03:04:33');

-- --------------------------------------------------------

--
-- Table structure for table `ratings`
--

CREATE TABLE `ratings` (
  `id` bigint(20) UNSIGNED NOT NULL,
  `user_id` bigint(20) UNSIGNED NOT NULL,
  `product_id` bigint(20) UNSIGNED NOT NULL,
  `transaction_id` bigint(20) UNSIGNED DEFAULT NULL,
  `rating` int(10) UNSIGNED NOT NULL DEFAULT 5,
  `review` text DEFAULT NULL,
  `admin_reply` text DEFAULT NULL,
  `images` longtext CHARACTER SET utf8mb4 COLLATE utf8mb4_bin DEFAULT NULL CHECK (json_valid(`images`)),
  `is_approved` tinyint(1) NOT NULL DEFAULT 1,
  `created_at` timestamp NULL DEFAULT NULL,
  `updated_at` timestamp NULL DEFAULT NULL
) ENGINE=InnoDB DEFAULT CHARSET=utf8mb4 COLLATE=utf8mb4_unicode_ci;

--
-- Dumping data for table `ratings`
--

INSERT INTO `ratings` (`id`, `user_id`, `product_id`, `transaction_id`, `rating`, `review`, `admin_reply`, `images`, `is_approved`, `created_at`, `updated_at`) VALUES
(20, 6, 2, 11, 5, 'bagus, lembut', NULL, '[]', 1, '2026-06-02 02:00:02', '2026-06-07 10:00:03');

-- --------------------------------------------------------

--
-- Table structure for table `returs`
--

CREATE TABLE `returs` (
  `id` bigint(20) UNSIGNED NOT NULL,
  `transaction_id` bigint(20) UNSIGNED NOT NULL,
  `user_id` bigint(20) UNSIGNED NOT NULL,
  `retur_number` varchar(255) NOT NULL,
  `reason` enum('defective','wrong_item','not_as_description','size_issue','other') NOT NULL,
  `description` text DEFAULT NULL,
  `status` enum('pending','approved','rejected','completed') NOT NULL DEFAULT 'pending',
  `proof_image` varchar(255) DEFAULT NULL,
  `admin_notes` text DEFAULT NULL,
  `approved_at` timestamp NULL DEFAULT NULL,
  `completed_at` timestamp NULL DEFAULT NULL,
  `created_at` timestamp NULL DEFAULT NULL,
  `updated_at` timestamp NULL DEFAULT NULL
) ENGINE=InnoDB DEFAULT CHARSET=utf8mb4 COLLATE=utf8mb4_unicode_ci;

--
-- Dumping data for table `returs`
--

INSERT INTO `returs` (`id`, `transaction_id`, `user_id`, `retur_number`, `reason`, `description`, `status`, `proof_image`, `admin_notes`, `approved_at`, `completed_at`, `created_at`, `updated_at`) VALUES
(1, 3, 2, 'RET/20260502/0001', 'defective', 'cacat', 'completed', NULL, NULL, '2026-05-05 02:40:11', '2026-06-17 01:56:00', '2026-05-02 00:30:08', '2026-06-17 01:56:00'),
(2, 2, 2, 'RET/20260502/0002', 'size_issue', 'salah ukuran', 'rejected', 'returs/l4HTQEXInMWfUlQabZnaishFQQFGY4toliAYxMGI.png', NULL, NULL, NULL, '2026-05-02 00:33:51', '2026-05-02 01:06:49');

-- --------------------------------------------------------

--
-- Table structure for table `retur_items`
--

CREATE TABLE `retur_items` (
  `id` bigint(20) UNSIGNED NOT NULL,
  `retur_id` bigint(20) UNSIGNED NOT NULL,
  `transaction_detail_id` bigint(20) UNSIGNED NOT NULL,
  `quantity` int(11) NOT NULL,
  `refund_amount` decimal(12,2) DEFAULT NULL,
  `created_at` timestamp NULL DEFAULT NULL,
  `updated_at` timestamp NULL DEFAULT NULL
) ENGINE=InnoDB DEFAULT CHARSET=utf8mb4 COLLATE=utf8mb4_unicode_ci;

--
-- Dumping data for table `retur_items`
--

INSERT INTO `retur_items` (`id`, `retur_id`, `transaction_detail_id`, `quantity`, `refund_amount`, `created_at`, `updated_at`) VALUES
(1, 1, 3, 1, 69000.00, '2026-05-02 00:30:08', '2026-05-02 00:30:08'),
(2, 2, 2, 1, 149000.00, '2026-05-02 00:33:51', '2026-05-02 00:33:51');

-- --------------------------------------------------------

--
-- Table structure for table `sessions`
--

CREATE TABLE `sessions` (
  `id` varchar(255) NOT NULL,
  `user_id` bigint(20) UNSIGNED DEFAULT NULL,
  `ip_address` varchar(45) DEFAULT NULL,
  `user_agent` text DEFAULT NULL,
  `payload` longtext NOT NULL,
  `last_activity` int(11) NOT NULL
) ENGINE=InnoDB DEFAULT CHARSET=utf8mb4 COLLATE=utf8mb4_unicode_ci;

--
-- Dumping data for table `sessions`
--

INSERT INTO `sessions` (`id`, `user_id`, `ip_address`, `user_agent`, `payload`, `last_activity`) VALUES
('30sw0CDTjeJ5xzjFuY6cUzhtitkNopdO0HCNOTXE', 6, '127.0.0.1', 'Mozilla/5.0 (Windows NT 10.0; Win64; x64) AppleWebKit/537.36 (KHTML, like Gecko) Chrome/149.0.0.0 Safari/537.36', 'YTo0OntzOjY6Il90b2tlbiI7czo0MDoianlvOXZ3clVpMHFQTUdTaHU3YTYwdTltaVJCWGJUODJYUHJseHZFVCI7czo2OiJfZmxhc2giO2E6Mjp7czozOiJvbGQiO2E6MDp7fXM6MzoibmV3IjthOjA6e319czo5OiJfcHJldmlvdXMiO2E6Mjp7czozOiJ1cmwiO3M6NTI6Imh0dHA6Ly8xMjcuMC4wLjE6ODAwMC9hcGkvbm90aWZpY2F0aW9ucy91bnJlYWQtY291bnQiO3M6NToicm91dGUiO3M6MjY6Im5vdGlmaWNhdGlvbnMudW5yZWFkLWNvdW50Ijt9czo1MDoibG9naW5fd2ViXzU5YmEzNmFkZGMyYjJmOTQwMTU4MGYwMTRjN2Y1OGVhNGUzMDk4OWQiO2k6Njt9', 1782873707),
('jog8dWjLpEFsNDeILkoLI8MPzPeETaxbd9SwJ4qb', NULL, '127.0.0.1', 'Mozilla/5.0 (Windows NT 10.0; Win64; x64) AppleWebKit/537.36 (KHTML, like Gecko) Code/1.125.0 Chrome/148.0.7778.97 Electron/42.2.0 Safari/537.36', 'YTozOntzOjY6Il90b2tlbiI7czo0MDoiamVMNUF6OExWTHdJdDV6ZnRUaEhlaXpVelhMWEQ4cTlOZm5vOXA0USI7czo5OiJfcHJldmlvdXMiO2E6Mjp7czozOiJ1cmwiO3M6MjE6Imh0dHA6Ly8xMjcuMC4wLjE6ODAwMCI7czo1OiJyb3V0ZSI7czo3OiJsYW5kaW5nIjt9czo2OiJfZmxhc2giO2E6Mjp7czozOiJvbGQiO2E6MDp7fXM6MzoibmV3IjthOjA6e319fQ==', 1782873053);

-- --------------------------------------------------------

--
-- Table structure for table `shipping_costs`
--

CREATE TABLE `shipping_costs` (
  `id` bigint(20) UNSIGNED NOT NULL,
  `origin_city_id` varchar(255) NOT NULL,
  `destination_city_id` varchar(255) NOT NULL,
  `courier` varchar(255) NOT NULL,
  `service` varchar(255) NOT NULL,
  `description` varchar(255) DEFAULT NULL,
  `cost` int(11) NOT NULL,
  `etd` varchar(255) DEFAULT NULL,
  `expires_at` timestamp NOT NULL,
  `created_at` timestamp NULL DEFAULT NULL,
  `updated_at` timestamp NULL DEFAULT NULL
) ENGINE=InnoDB DEFAULT CHARSET=utf8mb4 COLLATE=utf8mb4_unicode_ci;

--
-- Dumping data for table `shipping_costs`
--

INSERT INTO `shipping_costs` (`id`, `origin_city_id`, `destination_city_id`, `courier`, `service`, `description`, `cost`, `etd`, `expires_at`, `created_at`, `updated_at`) VALUES
(1, '365', '390', 'jne', 'REG', 'Layanan Reguler (Standar)', 86000, '8 day', '2026-05-27 00:18:49', '2026-05-23 03:49:58', '2026-05-26 00:18:49'),
(2, '365', '390', 'jne', 'JTR', 'JNE Trucking', 95000, '5 day', '2026-05-25 05:08:25', '2026-05-23 03:49:58', '2026-05-24 05:08:25'),
(3, '365', '390', 'jne', 'JTR<130', 'JNE Trucking', 450000, '6 day', '2026-05-25 05:08:25', '2026-05-23 03:49:58', '2026-05-24 05:08:25'),
(4, '365', '390', 'jne', 'JTR>130', 'JNE Trucking', 650000, '6 day', '2026-05-25 05:08:25', '2026-05-23 03:49:58', '2026-05-24 05:08:25'),
(5, '365', '390', 'jne', 'JTR>200', 'JNE Trucking', 800000, '6 day', '2026-05-25 05:08:25', '2026-05-23 03:49:58', '2026-05-24 05:08:25'),
(6, '365', '232', 'jne', 'REG', 'Layanan Reguler (Standar)', 37000, '3 day', '2026-05-27 00:23:48', '2026-05-23 03:51:01', '2026-05-26 00:23:48'),
(7, '365', '232', 'jne', 'JTR', 'JNE Trucking', 165000, '30 day', '2026-05-25 04:29:06', '2026-05-23 03:51:01', '2026-05-24 04:29:06'),
(8, '365', '125', 'jne', 'CTC', 'JNE City Courier', 17000, '8 day', '2026-05-25 04:36:24', '2026-05-23 03:51:17', '2026-05-24 04:36:24'),
(9, '365', '125', 'jne', 'JTR', 'JNE Trucking', 145000, '30 day', '2026-05-25 04:36:24', '2026-05-23 03:51:17', '2026-05-24 04:36:24'),
(11, '365', '390', 'tiki', 'ECO', 'Layanan Ekonomis', 10000, '5 day', '2026-05-25 05:20:34', '2026-05-24 05:20:34', '2026-05-24 05:20:34'),
(12, '365', '390', 'tiki', 'DAT', 'Tiki Daun', 12000, '3 day', '2026-05-25 05:20:34', '2026-05-24 05:20:34', '2026-05-24 05:20:34'),
(13, '365', '390', 'tiki', 'REG', 'Layanan Reguler (Standar)', 12000, '3 day', '2026-05-25 05:20:34', '2026-05-24 05:20:34', '2026-05-24 05:20:34'),
(14, '365', '390', 'tiki', 'SRP', 'Tiki Sirip', 12000, '3 day', '2026-05-25 05:20:34', '2026-05-24 05:20:34', '2026-05-24 05:20:34'),
(15, '365', '390', 'tiki', 'TRX', 'Tiki Tirex', 12000, '3 day', '2026-05-25 05:20:34', '2026-05-24 05:20:34', '2026-05-24 05:20:34'),
(16, '365', '125', 'pos', 'Pos Reguler', '240', 14400, '2 day', '2026-05-27 00:23:35', '2026-05-24 05:24:30', '2026-05-26 00:23:35'),
(17, '365', '125', 'pos', 'Pos Nextday', '447', 17100, '1 day', '2026-05-27 00:23:35', '2026-05-24 05:24:30', '2026-05-26 00:23:35'),
(18, '365', '125', 'tiki', 'DAT', 'Tiki Daun', 10000, '3 day', '2026-05-25 05:24:40', '2026-05-24 05:24:40', '2026-05-24 05:24:40'),
(19, '365', '125', 'tiki', 'REG', 'Layanan Reguler (Standar)', 10000, '3 day', '2026-05-25 05:24:40', '2026-05-24 05:24:40', '2026-05-24 05:24:40'),
(21, '365', '125', 'jne', 'REG', 'Layanan Reguler (Standar)', 16000, '5 day', '2026-05-27 00:23:22', '2026-05-26 00:23:22', '2026-05-26 00:23:22'),
(22, '365', '232', 'jne', 'YES', 'Layanan Kilat (YES)', 45000, '1 day', '2026-05-27 00:23:48', '2026-05-26 00:23:48', '2026-05-26 00:23:48'),
(23, '365', '365', 'pos', 'Pos Reguler', '240', 8000, '2 day', '2026-06-28 04:48:22', '2026-05-26 00:44:40', '2026-06-27 04:48:22'),
(24, '365', '365', 'pos', 'Pos Nextday', '447', 11000, '1 day', '2026-06-28 04:48:22', '2026-05-26 00:44:40', '2026-06-27 04:48:22'),
(25, '365', '365', 'pos', 'Pos Sameday', '2q9', 14850, '0 day', '2026-05-27 00:44:40', '2026-05-26 00:44:40', '2026-05-26 00:44:40'),
(26, '365', '365', 'pos', 'POS KARGO', 'Pjb', 28000, '7-14 day', '2026-05-27 00:44:40', '2026-05-26 00:44:40', '2026-05-26 00:44:40'),
(27, '365', '365', 'jne', 'CTC', 'Layanan Reguler Dalam Kota', 17000, '8 day', '2026-06-28 04:48:05', '2026-05-26 01:09:18', '2026-06-27 04:48:05'),
(28, '365', '266', 'pos', 'Pos Reguler', '240', 47500, '5 day', '2026-07-01 19:36:41', '2026-06-30 19:36:41', '2026-06-30 19:36:41'),
(29, '365', '266', 'tiki', 'ECO', 'Layanan Ekonomis', 72000, '6 day', '2026-07-01 19:36:48', '2026-06-30 19:36:48', '2026-06-30 19:36:48'),
(30, '365', '266', 'tiki', 'DAT', 'Tiki Daun', 77500, '4 day', '2026-07-01 19:36:48', '2026-06-30 19:36:48', '2026-06-30 19:36:48'),
(31, '365', '266', 'tiki', 'REG', 'Layanan Reguler (Standar)', 77500, '4 day', '2026-07-01 19:36:48', '2026-06-30 19:36:48', '2026-06-30 19:36:48'),
(32, '365', '266', 'jne', 'REG', 'Layanan Reguler (Standar)', 103000, '8 day', '2026-07-01 19:36:54', '2026-06-30 19:36:54', '2026-06-30 19:36:54');

-- --------------------------------------------------------

--
-- Table structure for table `stocks`
--

CREATE TABLE `stocks` (
  `id` bigint(20) UNSIGNED NOT NULL,
  `product_id` bigint(20) UNSIGNED NOT NULL,
  `quantity` int(11) NOT NULL,
  `type` enum('in','out') NOT NULL DEFAULT 'in',
  `description` text DEFAULT NULL,
  `created_by` bigint(20) UNSIGNED DEFAULT NULL,
  `created_at` timestamp NULL DEFAULT NULL,
  `updated_at` timestamp NULL DEFAULT NULL
) ENGINE=InnoDB DEFAULT CHARSET=utf8mb4 COLLATE=utf8mb4_unicode_ci;

--
-- Dumping data for table `stocks`
--

INSERT INTO `stocks` (`id`, `product_id`, `quantity`, `type`, `description`, `created_by`, `created_at`, `updated_at`) VALUES
(1, 18, 4, 'in', 'Bulk update stok', 1, '2026-04-28 01:24:38', '2026-04-28 01:24:38'),
(5, 1, 3, 'in', 'Penambahan stok manual', 7, '2026-05-05 02:36:52', '2026-05-05 02:36:52'),
(6, 4, 1, 'in', 'Bulk update stok', 1, '2026-06-13 09:02:25', '2026-06-13 09:02:25'),
(7, 18, 2, 'in', 'Penambahan stok manual', 1, '2026-06-16 18:27:23', '2026-06-16 18:27:23'),
(8, 4, 0, 'out', 'Pengurangan stok manual', 1, '2026-06-16 18:29:04', '2026-06-16 18:29:04');

-- --------------------------------------------------------

--
-- Table structure for table `store_settings`
--

CREATE TABLE `store_settings` (
  `id` bigint(20) UNSIGNED NOT NULL,
  `key` varchar(255) NOT NULL,
  `value` text DEFAULT NULL,
  `type` varchar(255) NOT NULL DEFAULT 'text',
  `group` varchar(255) NOT NULL DEFAULT 'general',
  `created_at` timestamp NULL DEFAULT NULL,
  `updated_at` timestamp NULL DEFAULT NULL
) ENGINE=InnoDB DEFAULT CHARSET=utf8mb4 COLLATE=utf8mb4_unicode_ci;

--
-- Dumping data for table `store_settings`
--

INSERT INTO `store_settings` (`id`, `key`, `value`, `type`, `group`, `created_at`, `updated_at`) VALUES
(1, 'store_name', 'Fashionista Store', 'text', 'general', '2026-04-23 07:38:24', '2026-04-23 07:38:24'),
(2, 'store_email', 'admin@fashionista.com', 'email', 'general', '2026-04-23 07:38:24', '2026-04-23 07:38:24'),
(3, 'store_phone', '08123456789', 'text', 'general', '2026-04-23 07:38:24', '2026-04-23 07:38:24'),
(4, 'store_address', 'Fashion Mall, Lantai 3, Jakarta Selatan', 'textarea', 'general', '2026-04-23 07:38:24', '2026-04-23 07:38:24'),
(5, 'store_tagline', 'Tampil Cantik Setiap Hari', 'text', 'general', '2026-04-23 07:38:24', '2026-04-23 07:38:24'),
(6, 'origin_city_id', '23', 'text', 'shipping', '2026-04-23 07:38:24', '2026-04-23 07:38:24'),
(7, 'default_courier', 'jne', 'text', 'shipping', '2026-04-23 07:38:24', '2026-04-23 07:38:24'),
(8, 'midtrans_merchant_id', '', 'text', 'payment', '2026-04-23 07:38:24', '2026-04-23 07:38:24'),
(9, 'midtrans_client_key', '', 'text', 'payment', '2026-04-23 07:38:24', '2026-04-23 07:38:24'),
(10, 'midtrans_server_key', '', 'text', 'payment', '2026-04-23 07:38:24', '2026-04-23 07:38:24'),
(11, 'facebook_url', 'https://facebook.com/fashionista', 'text', 'social', '2026-04-23 07:38:24', '2026-04-23 07:38:24'),
(12, 'instagram_url', 'https://instagram.com/fashionista', 'text', 'social', '2026-04-23 07:38:24', '2026-04-23 07:38:24'),
(13, 'twitter_url', 'https://twitter.com/fashionista', 'text', 'social', '2026-04-23 07:38:24', '2026-04-23 07:38:24'),
(14, 'tiktok_url', 'https://tiktok.com/@fashionista', 'text', 'social', '2026-04-23 07:38:24', '2026-04-23 07:38:24'),
(15, 'whatsapp_number', '6282156311243', 'text', 'contact', '2026-05-02 08:47:11', '2026-05-02 08:47:11');

-- --------------------------------------------------------

--
-- Table structure for table `subdistricts`
--

CREATE TABLE `subdistricts` (
  `id` bigint(20) UNSIGNED NOT NULL,
  `city_id` bigint(20) UNSIGNED NOT NULL,
  `name` varchar(255) NOT NULL,
  `created_at` timestamp NULL DEFAULT NULL,
  `updated_at` timestamp NULL DEFAULT NULL
) ENGINE=InnoDB DEFAULT CHARSET=utf8mb4 COLLATE=utf8mb4_unicode_ci;

--
-- Dumping data for table `subdistricts`
--

INSERT INTO `subdistricts` (`id`, `city_id`, `name`, `created_at`, `updated_at`) VALUES
(1, 365, 'Pontianak Kota', '2026-05-23 03:04:33', '2026-05-23 03:04:33'),
(2, 365, 'Pontianak Barat', '2026-05-23 03:04:33', '2026-05-23 03:04:33'),
(3, 365, 'Pontianak Selatan', '2026-05-23 03:04:33', '2026-05-23 03:04:33'),
(4, 365, 'Pontianak Tenggara', '2026-05-23 03:04:33', '2026-05-23 03:04:33'),
(5, 365, 'Pontianak Timur', '2026-05-23 03:04:33', '2026-05-23 03:04:33'),
(6, 365, 'Pontianak Utara', '2026-05-23 03:04:33', '2026-05-23 03:04:33'),
(7, 100, 'Gambir', '2026-05-23 03:04:33', '2026-05-23 03:04:33'),
(8, 100, 'Tanah Abang', '2026-05-23 03:04:33', '2026-05-23 03:04:33'),
(9, 100, 'Menteng', '2026-05-23 03:04:33', '2026-05-23 03:04:33'),
(10, 100, 'Senen', '2026-05-23 03:04:33', '2026-05-23 03:04:33'),
(11, 100, 'Cempaka Putih', '2026-05-23 03:04:33', '2026-05-23 03:04:33'),
(12, 100, 'Johar Baru', '2026-05-23 03:04:33', '2026-05-23 03:04:33'),
(13, 100, 'Kemayoran', '2026-05-23 03:04:33', '2026-05-23 03:04:33'),
(14, 100, 'Sawah Besar', '2026-05-23 03:04:33', '2026-05-23 03:04:33'),
(15, 101, 'Kebayoran Baru', '2026-05-23 03:04:33', '2026-05-23 03:04:33'),
(16, 101, 'Kebayoran Lama', '2026-05-23 03:04:33', '2026-05-23 03:04:33'),
(17, 101, 'Pesanggrahan', '2026-05-23 03:04:33', '2026-05-23 03:04:33'),
(18, 101, 'Cilandak', '2026-05-23 03:04:33', '2026-05-23 03:04:33'),
(19, 101, 'Pasar Minggu', '2026-05-23 03:04:33', '2026-05-23 03:04:33'),
(20, 101, 'Jagakarsa', '2026-05-23 03:04:33', '2026-05-23 03:04:33'),
(21, 101, 'Mampang Prapatan', '2026-05-23 03:04:33', '2026-05-23 03:04:33'),
(22, 101, 'Pancoran', '2026-05-23 03:04:33', '2026-05-23 03:04:33'),
(23, 101, 'Tebet', '2026-05-23 03:04:33', '2026-05-23 03:04:33'),
(24, 101, 'Setiabudi', '2026-05-23 03:04:33', '2026-05-23 03:04:33'),
(25, 102, 'Matraman', '2026-05-23 03:04:33', '2026-05-23 03:04:33'),
(26, 102, 'Pulo Gadung', '2026-05-23 03:04:33', '2026-05-23 03:04:33'),
(27, 102, 'Jatinegara', '2026-05-23 03:04:33', '2026-05-23 03:04:33'),
(28, 102, 'Duren Sawit', '2026-05-23 03:04:33', '2026-05-23 03:04:33'),
(29, 102, 'Kramat Jati', '2026-05-23 03:04:33', '2026-05-23 03:04:33'),
(30, 102, 'Makasar', '2026-05-23 03:04:33', '2026-05-23 03:04:33'),
(31, 102, 'Pasar Rebo', '2026-05-23 03:04:33', '2026-05-23 03:04:33'),
(32, 102, 'Cipayung', '2026-05-23 03:04:33', '2026-05-23 03:04:33'),
(33, 102, 'Cakung', '2026-05-23 03:04:33', '2026-05-23 03:04:33'),
(34, 102, 'Ciracas', '2026-05-23 03:04:33', '2026-05-23 03:04:33'),
(35, 99, 'Kembangan', '2026-05-23 03:04:33', '2026-05-23 03:04:33'),
(36, 99, 'Kebon Jeruk', '2026-05-23 03:04:33', '2026-05-23 03:04:33'),
(37, 99, 'Palmerah', '2026-05-23 03:04:33', '2026-05-23 03:04:33'),
(38, 99, 'Grogol Petamburan', '2026-05-23 03:04:33', '2026-05-23 03:04:33'),
(39, 99, 'Tambora', '2026-05-23 03:04:33', '2026-05-23 03:04:33'),
(40, 99, 'Taman Sari', '2026-05-23 03:04:33', '2026-05-23 03:04:33'),
(41, 99, 'Cengkareng', '2026-05-23 03:04:33', '2026-05-23 03:04:33'),
(42, 99, 'Kalideres', '2026-05-23 03:04:33', '2026-05-23 03:04:33'),
(43, 103, 'Penjaringan', '2026-05-23 03:04:33', '2026-05-23 03:04:33'),
(44, 103, 'Pademangan', '2026-05-23 03:04:33', '2026-05-23 03:04:33'),
(45, 103, 'Tanjung Priok', '2026-05-23 03:04:33', '2026-05-23 03:04:33'),
(46, 103, 'Koja', '2026-05-23 03:04:33', '2026-05-23 03:04:33'),
(47, 103, 'Kelapa Gading', '2026-05-23 03:04:33', '2026-05-23 03:04:33'),
(48, 103, 'Cilincing', '2026-05-23 03:04:33', '2026-05-23 03:04:33'),
(49, 16, 'Bandung Kulon', '2026-05-23 03:04:33', '2026-05-23 03:04:33'),
(50, 16, 'Babakan Ciparay', '2026-05-23 03:04:33', '2026-05-23 03:04:33'),
(51, 16, 'Bojongloa Kaler', '2026-05-23 03:04:33', '2026-05-23 03:04:33'),
(52, 16, 'Bojongloa Kidul', '2026-05-23 03:04:33', '2026-05-23 03:04:33'),
(53, 16, 'Astanaanyar', '2026-05-23 03:04:33', '2026-05-23 03:04:33'),
(54, 16, 'Regol', '2026-05-23 03:04:33', '2026-05-23 03:04:33'),
(55, 16, 'Lengkong', '2026-05-23 03:04:33', '2026-05-23 03:04:33'),
(56, 16, 'Bandung Kidul', '2026-05-23 03:04:33', '2026-05-23 03:04:33'),
(57, 16, 'Buahbatu', '2026-05-23 03:04:33', '2026-05-23 03:04:33'),
(58, 16, 'Rancasari', '2026-05-23 03:04:33', '2026-05-23 03:04:33'),
(59, 16, 'Gedebage', '2026-05-23 03:04:33', '2026-05-23 03:04:33'),
(60, 16, 'Cibiru', '2026-05-23 03:04:33', '2026-05-23 03:04:33'),
(61, 16, 'Panyileukan', '2026-05-23 03:04:33', '2026-05-23 03:04:33'),
(62, 16, 'Ujungberung', '2026-05-23 03:04:33', '2026-05-23 03:04:33'),
(63, 16, 'Cinambo', '2026-05-23 03:04:33', '2026-05-23 03:04:33'),
(64, 16, 'Arcamanik', '2026-05-23 03:04:33', '2026-05-23 03:04:33'),
(65, 16, 'Antapani', '2026-05-23 03:04:33', '2026-05-23 03:04:33'),
(66, 16, 'Mandalajati', '2026-05-23 03:04:33', '2026-05-23 03:04:33'),
(67, 16, 'Kiaracondong', '2026-05-23 03:04:33', '2026-05-23 03:04:33'),
(68, 16, 'Batununggal', '2026-05-23 03:04:33', '2026-05-23 03:04:33'),
(69, 16, 'Sumur Bandung', '2026-05-23 03:04:33', '2026-05-23 03:04:33'),
(70, 16, 'Andir', '2026-05-23 03:04:33', '2026-05-23 03:04:33'),
(71, 16, 'Cicendo', '2026-05-23 03:04:33', '2026-05-23 03:04:33'),
(72, 16, 'Bandung Wetan', '2026-05-23 03:04:33', '2026-05-23 03:04:33'),
(73, 16, 'Cibeunying Kidul', '2026-05-23 03:04:33', '2026-05-23 03:04:33'),
(74, 16, 'Cibeunying Kaler', '2026-05-23 03:04:33', '2026-05-23 03:04:33'),
(75, 16, 'Coblong', '2026-05-23 03:04:33', '2026-05-23 03:04:33'),
(76, 16, 'Sukasari', '2026-05-23 03:04:33', '2026-05-23 03:04:33'),
(77, 16, 'Sukajadi', '2026-05-23 03:04:33', '2026-05-23 03:04:33'),
(78, 16, 'Cidadap', '2026-05-23 03:04:33', '2026-05-23 03:04:33'),
(79, 322, 'Tegalsari', '2026-05-23 03:04:33', '2026-05-23 03:04:33'),
(80, 322, 'Genteng', '2026-05-23 03:04:33', '2026-05-23 03:04:33'),
(81, 322, 'Bubutan', '2026-05-23 03:04:33', '2026-05-23 03:04:33'),
(82, 322, 'Simokerto', '2026-05-23 03:04:33', '2026-05-23 03:04:33'),
(83, 322, 'Pabean Cantikan', '2026-05-23 03:04:33', '2026-05-23 03:04:33'),
(84, 322, 'Semampir', '2026-05-23 03:04:33', '2026-05-23 03:04:33'),
(85, 322, 'Krembangan', '2026-05-23 03:04:33', '2026-05-23 03:04:33'),
(86, 322, 'Kenjeran', '2026-05-23 03:04:33', '2026-05-23 03:04:33'),
(87, 322, 'Bulak', '2026-05-23 03:04:33', '2026-05-23 03:04:33'),
(88, 322, 'Tambaksari', '2026-05-23 03:04:33', '2026-05-23 03:04:33'),
(89, 322, 'Gubeng', '2026-05-23 03:04:33', '2026-05-23 03:04:33'),
(90, 322, 'Rungkut', '2026-05-23 03:04:33', '2026-05-23 03:04:33'),
(91, 322, 'Tenggilis Mejoyo', '2026-05-23 03:04:33', '2026-05-23 03:04:33'),
(92, 322, 'Gunung Anyar', '2026-05-23 03:04:33', '2026-05-23 03:04:33'),
(93, 322, 'Sukolilo', '2026-05-23 03:04:33', '2026-05-23 03:04:33'),
(94, 322, 'Mulyorejo', '2026-05-23 03:04:33', '2026-05-23 03:04:33'),
(95, 322, 'Sawahan', '2026-05-23 03:04:33', '2026-05-23 03:04:33'),
(96, 322, 'Wonokromo', '2026-05-23 03:04:33', '2026-05-23 03:04:33'),
(97, 322, 'Wonocolo', '2026-05-23 03:04:33', '2026-05-23 03:04:33'),
(98, 322, 'Wiyung', '2026-05-23 03:04:33', '2026-05-23 03:04:33'),
(99, 322, 'Karangpilang', '2026-05-23 03:04:33', '2026-05-23 03:04:33'),
(100, 322, 'Jambangan', '2026-05-23 03:04:33', '2026-05-23 03:04:33'),
(101, 322, 'Gayungan', '2026-05-23 03:04:33', '2026-05-23 03:04:33'),
(102, 322, 'Dukuh Pakis', '2026-05-23 03:04:33', '2026-05-23 03:04:33'),
(103, 322, 'Sukomanunggal', '2026-05-23 03:04:33', '2026-05-23 03:04:33'),
(104, 322, 'Tandes', '2026-05-23 03:04:33', '2026-05-23 03:04:33'),
(105, 322, 'Asemrowo', '2026-05-23 03:04:33', '2026-05-23 03:04:33'),
(106, 322, 'Benowo', '2026-05-23 03:04:33', '2026-05-23 03:04:33'),
(107, 322, 'Pakal', '2026-05-23 03:04:33', '2026-05-23 03:04:33'),
(108, 322, 'Lakarsantri', '2026-05-23 03:04:33', '2026-05-23 03:04:33'),
(109, 322, 'Sambikerep', '2026-05-23 03:04:33', '2026-05-23 03:04:33'),
(110, 188, 'Medan Tuntungan', '2026-05-23 03:04:33', '2026-05-23 03:04:33'),
(111, 188, 'Medan Johor', '2026-05-23 03:04:33', '2026-05-23 03:04:33'),
(112, 188, 'Medan Amplas', '2026-05-23 03:04:33', '2026-05-23 03:04:33'),
(113, 188, 'Medan Denai', '2026-05-23 03:04:33', '2026-05-23 03:04:33'),
(114, 188, 'Medan Area', '2026-05-23 03:04:33', '2026-05-23 03:04:33'),
(115, 188, 'Medan Kota', '2026-05-23 03:04:33', '2026-05-23 03:04:33'),
(116, 188, 'Medan Maimun', '2026-05-23 03:04:33', '2026-05-23 03:04:33'),
(117, 188, 'Medan Polonia', '2026-05-23 03:04:33', '2026-05-23 03:04:33'),
(118, 188, 'Medan Baru', '2026-05-23 03:04:33', '2026-05-23 03:04:33'),
(119, 188, 'Medan Selayang', '2026-05-23 03:04:33', '2026-05-23 03:04:33'),
(120, 188, 'Medan Sunggal', '2026-05-23 03:04:33', '2026-05-23 03:04:33'),
(121, 188, 'Medan Helvetia', '2026-05-23 03:04:33', '2026-05-23 03:04:33'),
(122, 188, 'Medan Petisah', '2026-05-23 03:04:33', '2026-05-23 03:04:33'),
(123, 188, 'Medan Barat', '2026-05-23 03:04:33', '2026-05-23 03:04:33'),
(124, 188, 'Medan Timur', '2026-05-23 03:04:33', '2026-05-23 03:04:33'),
(125, 188, 'Medan Perjuangan', '2026-05-23 03:04:33', '2026-05-23 03:04:33'),
(126, 188, 'Medan Tembung', '2026-05-23 03:04:33', '2026-05-23 03:04:33'),
(127, 188, 'Medan Deli', '2026-05-23 03:04:33', '2026-05-23 03:04:33'),
(128, 188, 'Medan Labuhan', '2026-05-23 03:04:33', '2026-05-23 03:04:33'),
(129, 188, 'Medan Marelan', '2026-05-23 03:04:33', '2026-05-23 03:04:33'),
(130, 188, 'Medan Belawan', '2026-05-23 03:04:33', '2026-05-23 03:04:33'),
(131, 285, 'Semarang Selatan', '2026-05-23 03:04:33', '2026-05-23 03:04:33'),
(132, 285, 'Semarang Utara', '2026-05-23 03:04:33', '2026-05-23 03:04:33'),
(133, 285, 'Semarang Barat', '2026-05-23 03:04:33', '2026-05-23 03:04:33'),
(134, 285, 'Semarang Timur', '2026-05-23 03:04:33', '2026-05-23 03:04:33'),
(135, 285, 'Semarang Tengah', '2026-05-23 03:04:33', '2026-05-23 03:04:33'),
(136, 285, 'Gunungpati', '2026-05-23 03:04:33', '2026-05-23 03:04:33'),
(137, 285, 'Tugu', '2026-05-23 03:04:33', '2026-05-23 03:04:33'),
(138, 285, 'Mijen', '2026-05-23 03:04:33', '2026-05-23 03:04:33'),
(139, 285, 'Genuk', '2026-05-23 03:04:33', '2026-05-23 03:04:33'),
(140, 285, 'Gajahmungkur', '2026-05-23 03:04:33', '2026-05-23 03:04:33'),
(141, 285, 'Tembalang', '2026-05-23 03:04:33', '2026-05-23 03:04:33'),
(142, 285, 'Candisari', '2026-05-23 03:04:33', '2026-05-23 03:04:33'),
(143, 285, 'Banyumanik', '2026-05-23 03:04:33', '2026-05-23 03:04:33'),
(144, 285, 'Ngaliyan', '2026-05-23 03:04:33', '2026-05-23 03:04:33'),
(145, 285, 'Gayamsari', '2026-05-23 03:04:33', '2026-05-23 03:04:33'),
(146, 285, 'Pedurungan', '2026-05-23 03:04:33', '2026-05-23 03:04:33'),
(147, 225, 'Bungus Teluk Kabung', '2026-05-23 03:04:33', '2026-05-23 03:04:33'),
(148, 225, 'Lubuk Kilangan', '2026-05-23 03:04:33', '2026-05-23 03:04:33'),
(149, 225, 'Lubuk Begalung', '2026-05-23 03:04:33', '2026-05-23 03:04:33'),
(150, 225, 'Padang Selatan', '2026-05-23 03:04:33', '2026-05-23 03:04:33'),
(151, 225, 'Padang Timur', '2026-05-23 03:04:33', '2026-05-23 03:04:33'),
(152, 225, 'Padang Barat', '2026-05-23 03:04:33', '2026-05-23 03:04:33'),
(153, 225, 'Padang Utara', '2026-05-23 03:04:33', '2026-05-23 03:04:33'),
(154, 225, 'Nanggalo', '2026-05-23 03:04:33', '2026-05-23 03:04:33'),
(155, 225, 'Kuranji', '2026-05-23 03:04:33', '2026-05-23 03:04:33'),
(156, 225, 'Pauh', '2026-05-23 03:04:33', '2026-05-23 03:04:33'),
(157, 225, 'Koto Tangah', '2026-05-23 03:04:33', '2026-05-23 03:04:33'),
(158, 171, 'Mariso', '2026-05-23 03:04:33', '2026-05-23 03:04:33'),
(159, 171, 'Mamajang', '2026-05-23 03:04:33', '2026-05-23 03:04:33'),
(160, 171, 'Tamalate', '2026-05-23 03:04:33', '2026-05-23 03:04:33'),
(161, 171, 'Rappocini', '2026-05-23 03:04:33', '2026-05-23 03:04:33'),
(162, 171, 'Makassar', '2026-05-23 03:04:33', '2026-05-23 03:04:33'),
(163, 171, 'Ujung Pandang', '2026-05-23 03:04:33', '2026-05-23 03:04:33'),
(164, 171, 'Wajo', '2026-05-23 03:04:33', '2026-05-23 03:04:33'),
(165, 171, 'Bontoala', '2026-05-23 03:04:33', '2026-05-23 03:04:33'),
(166, 171, 'Ujung Tanah', '2026-05-23 03:04:33', '2026-05-23 03:04:33'),
(167, 171, 'Tallo', '2026-05-23 03:04:33', '2026-05-23 03:04:33'),
(168, 171, 'Panakkukang', '2026-05-23 03:04:33', '2026-05-23 03:04:33'),
(169, 171, 'Manggala', '2026-05-23 03:04:33', '2026-05-23 03:04:33'),
(170, 171, 'Biringkanaya', '2026-05-23 03:04:33', '2026-05-23 03:04:33'),
(171, 171, 'Tamalanrea', '2026-05-23 03:04:33', '2026-05-23 03:04:33'),
(172, 247, 'Tampan', '2026-05-23 03:04:33', '2026-05-23 03:04:33'),
(173, 247, 'Payung Sekaki', '2026-05-23 03:04:33', '2026-05-23 03:04:33'),
(174, 247, 'Bukit Raya', '2026-05-23 03:04:33', '2026-05-23 03:04:33'),
(175, 247, 'Marpoyan Damai', '2026-05-23 03:04:33', '2026-05-23 03:04:33'),
(176, 247, 'Tenayan Raya', '2026-05-23 03:04:33', '2026-05-23 03:04:33'),
(177, 247, 'Lima Puluh', '2026-05-23 03:04:33', '2026-05-23 03:04:33'),
(178, 247, 'Sail', '2026-05-23 03:04:33', '2026-05-23 03:04:33'),
(179, 247, 'Pekanbaru Kota', '2026-05-23 03:04:33', '2026-05-23 03:04:33'),
(180, 247, 'Sukajadi', '2026-05-23 03:04:33', '2026-05-23 03:04:33'),
(181, 247, 'Senapelan', '2026-05-23 03:04:33', '2026-05-23 03:04:33'),
(182, 247, 'Rumbai', '2026-05-23 03:04:33', '2026-05-23 03:04:33'),
(183, 247, 'Rumbai Pesisir', '2026-05-23 03:04:33', '2026-05-23 03:04:33'),
(184, 387, 'Ilir Barat I', '2026-05-23 03:04:33', '2026-05-23 03:04:33'),
(185, 387, 'Ilir Barat II', '2026-05-23 03:04:33', '2026-05-23 03:04:33'),
(186, 387, 'Ilir Timur I', '2026-05-23 03:04:33', '2026-05-23 03:04:33'),
(187, 387, 'Ilir Timur II', '2026-05-23 03:04:33', '2026-05-23 03:04:33'),
(188, 387, 'Seberang Ulu I', '2026-05-23 03:04:33', '2026-05-23 03:04:33'),
(189, 387, 'Seberang Ulu II', '2026-05-23 03:04:33', '2026-05-23 03:04:33'),
(190, 387, 'Sukarami', '2026-05-23 03:04:33', '2026-05-23 03:04:33'),
(191, 387, 'Sako', '2026-05-23 03:04:33', '2026-05-23 03:04:33'),
(192, 387, 'Kemuning', '2026-05-23 03:04:33', '2026-05-23 03:04:33'),
(193, 387, 'Kalidoni', '2026-05-23 03:04:33', '2026-05-23 03:04:33'),
(194, 387, 'Bukit Kecil', '2026-05-23 03:04:33', '2026-05-23 03:04:33'),
(195, 387, 'Gandus', '2026-05-23 03:04:33', '2026-05-23 03:04:33'),
(196, 387, 'Kertapati', '2026-05-23 03:04:33', '2026-05-23 03:04:33'),
(197, 387, 'Plaju', '2026-05-23 03:04:33', '2026-05-23 03:04:33'),
(198, 387, 'Alang-Alang Lebar', '2026-05-23 03:04:33', '2026-05-23 03:04:33'),
(199, 387, 'Sematang Borang', '2026-05-23 03:04:33', '2026-05-23 03:04:33'),
(200, 259, 'Mempawah Hilir', '2026-05-23 03:04:33', '2026-05-23 03:04:33'),
(201, 259, 'Mempawah Timur', '2026-05-23 03:04:33', '2026-05-23 03:04:33'),
(202, 259, 'Sungai Pinyuh', '2026-05-23 03:04:33', '2026-05-23 03:04:33'),
(203, 259, 'Anjongan', '2026-05-23 03:04:33', '2026-05-23 03:04:33'),
(204, 259, 'Siantan', '2026-05-23 03:04:33', '2026-05-23 03:04:33'),
(205, 259, 'Toho', '2026-05-23 03:04:33', '2026-05-23 03:04:33'),
(206, 259, 'Sungai Kunyit', '2026-05-23 03:04:33', '2026-05-23 03:04:33'),
(207, 259, 'Sadaniang', '2026-05-23 03:04:33', '2026-05-23 03:04:33'),
(208, 259, 'Segedong', '2026-05-23 03:04:33', '2026-05-23 03:04:33'),
(209, 133, 'Sungai Raya', '2026-05-23 03:04:33', '2026-05-23 03:04:33'),
(210, 133, 'Sungai Kakap', '2026-05-23 03:04:33', '2026-05-23 03:04:33'),
(211, 133, 'Rasau Jaya', '2026-05-23 03:04:33', '2026-05-23 03:04:33'),
(212, 133, 'Sungai Ambawang', '2026-05-23 03:04:33', '2026-05-23 03:04:33'),
(213, 133, 'Kuala Mandor B', '2026-05-23 03:04:33', '2026-05-23 03:04:33'),
(214, 133, 'Kubu', '2026-05-23 03:04:33', '2026-05-23 03:04:33'),
(215, 133, 'Teluk Pakedai', '2026-05-23 03:04:33', '2026-05-23 03:04:33'),
(216, 133, 'Terentang', '2026-05-23 03:04:33', '2026-05-23 03:04:33'),
(217, 133, 'Batu Ampar', '2026-05-23 03:04:33', '2026-05-23 03:04:33'),
(218, 395, 'Teluk Betung Barat', '2026-05-23 03:04:33', '2026-05-23 03:04:33'),
(219, 395, 'Teluk Betung Timur', '2026-05-23 03:04:33', '2026-05-23 03:04:33'),
(220, 395, 'Teluk Betung Selatan', '2026-05-23 03:04:33', '2026-05-23 03:04:33'),
(221, 395, 'Bumi Waras', '2026-05-23 03:04:33', '2026-05-23 03:04:33'),
(222, 395, 'Panjang', '2026-05-23 03:04:33', '2026-05-23 03:04:33'),
(223, 395, 'Tanjung Karang Timur', '2026-05-23 03:04:33', '2026-05-23 03:04:33'),
(224, 395, 'Kedamaian', '2026-05-23 03:04:33', '2026-05-23 03:04:33'),
(225, 395, 'Tanjung Karang Pusat', '2026-05-23 03:04:33', '2026-05-23 03:04:33'),
(226, 395, 'Tanjung Karang Barat', '2026-05-23 03:04:33', '2026-05-23 03:04:33'),
(227, 395, 'Enggal', '2026-05-23 03:04:33', '2026-05-23 03:04:33'),
(228, 395, 'Kedaton', '2026-05-23 03:04:33', '2026-05-23 03:04:33'),
(229, 395, 'Rajabasa', '2026-05-23 03:04:33', '2026-05-23 03:04:33'),
(230, 395, 'Tanjung Senang', '2026-05-23 03:04:33', '2026-05-23 03:04:33'),
(231, 395, 'Sukarame', '2026-05-23 03:04:33', '2026-05-23 03:04:33'),
(232, 395, 'Sukabumi', '2026-05-23 03:04:33', '2026-05-23 03:04:33'),
(233, 395, 'Way Halim', '2026-05-23 03:04:33', '2026-05-23 03:04:33'),
(234, 395, 'Langkapura', '2026-05-23 03:04:33', '2026-05-23 03:04:33'),
(235, 395, 'Teluk Betung Utara', '2026-05-23 03:04:33', '2026-05-23 03:04:33'),
(236, 395, 'Kemiling', '2026-05-23 03:04:33', '2026-05-23 03:04:33'),
(237, 395, 'Labuhan Ratu', '2026-05-23 03:04:33', '2026-05-23 03:04:33'),
(238, 69, 'Beji', '2026-05-23 03:04:33', '2026-05-23 03:04:33'),
(239, 69, 'Bojongsari', '2026-05-23 03:04:33', '2026-05-23 03:04:33'),
(240, 69, 'Cipayung', '2026-05-23 03:04:33', '2026-05-23 03:04:33'),
(241, 69, 'Cimanggis', '2026-05-23 03:04:33', '2026-05-23 03:04:33'),
(242, 69, 'Cinere', '2026-05-23 03:04:33', '2026-05-23 03:04:33'),
(243, 69, 'Limo', '2026-05-23 03:04:33', '2026-05-23 03:04:33'),
(244, 69, 'Pancoran Mas', '2026-05-23 03:04:33', '2026-05-23 03:04:33'),
(245, 69, 'Sawangan', '2026-05-23 03:04:33', '2026-05-23 03:04:33'),
(246, 69, 'Sukmajaya', '2026-05-23 03:04:33', '2026-05-23 03:04:33'),
(247, 69, 'Tapos', '2026-05-23 03:04:33', '2026-05-23 03:04:33'),
(248, 69, 'Cilodong', '2026-05-23 03:04:33', '2026-05-23 03:04:33'),
(249, 51, 'Bogor Selatan', '2026-05-23 03:04:33', '2026-05-23 03:04:33'),
(250, 51, 'Bogor Timur', '2026-05-23 03:04:33', '2026-05-23 03:04:33'),
(251, 51, 'Bogor Utara', '2026-05-23 03:04:33', '2026-05-23 03:04:33'),
(252, 51, 'Bogor Tengah', '2026-05-23 03:04:33', '2026-05-23 03:04:33'),
(253, 51, 'Bogor Barat', '2026-05-23 03:04:33', '2026-05-23 03:04:33'),
(254, 51, 'Tanah Sareal', '2026-05-23 03:04:33', '2026-05-23 03:04:33'),
(255, 336, 'Tangerang', '2026-05-23 03:04:33', '2026-05-23 03:04:33'),
(256, 336, 'Jatiuwung', '2026-05-23 03:04:33', '2026-05-23 03:04:33'),
(257, 336, 'Batuceper', '2026-05-23 03:04:33', '2026-05-23 03:04:33'),
(258, 336, 'Benda', '2026-05-23 03:04:33', '2026-05-23 03:04:33'),
(259, 336, 'Ciledug', '2026-05-23 03:04:33', '2026-05-23 03:04:33'),
(260, 336, 'Cipondoh', '2026-05-23 03:04:33', '2026-05-23 03:04:33'),
(261, 336, 'Karang Tengah', '2026-05-23 03:04:33', '2026-05-23 03:04:33'),
(262, 336, 'Karawaci', '2026-05-23 03:04:33', '2026-05-23 03:04:33'),
(263, 336, 'Larangan', '2026-05-23 03:04:33', '2026-05-23 03:04:33'),
(264, 336, 'Neglasari', '2026-05-23 03:04:33', '2026-05-23 03:04:33'),
(265, 336, 'Periuk', '2026-05-23 03:04:33', '2026-05-23 03:04:33'),
(266, 336, 'Pinang', '2026-05-23 03:04:33', '2026-05-23 03:04:33'),
(267, 336, 'Cibodas', '2026-05-23 03:04:33', '2026-05-23 03:04:33'),
(268, 337, 'Serpong', '2026-05-23 03:04:33', '2026-05-23 03:04:33'),
(269, 337, 'Serpong Utara', '2026-05-23 03:04:33', '2026-05-23 03:04:33'),
(270, 337, 'Ciputat', '2026-05-23 03:04:33', '2026-05-23 03:04:33'),
(271, 337, 'Ciputat Timur', '2026-05-23 03:04:33', '2026-05-23 03:04:33'),
(272, 337, 'Pamulang', '2026-05-23 03:04:33', '2026-05-23 03:04:33'),
(273, 337, 'Pondok Aren', '2026-05-23 03:04:33', '2026-05-23 03:04:33'),
(274, 337, 'Setu', '2026-05-23 03:04:33', '2026-05-23 03:04:33'),
(275, 494, 'Bekasi Timur', '2026-05-23 03:04:33', '2026-05-23 03:04:33'),
(276, 494, 'Bekasi Barat', '2026-05-23 03:04:33', '2026-05-23 03:04:33'),
(277, 494, 'Bekasi Utara', '2026-05-23 03:04:33', '2026-05-23 03:04:33'),
(278, 494, 'Bekasi Selatan', '2026-05-23 03:04:33', '2026-05-23 03:04:33'),
(279, 494, 'Rawalumbu', '2026-05-23 03:04:33', '2026-05-23 03:04:33'),
(280, 494, 'Medan Satria', '2026-05-23 03:04:33', '2026-05-23 03:04:33'),
(281, 494, 'Bantargebang', '2026-05-23 03:04:33', '2026-05-23 03:04:33'),
(282, 494, 'Pondok Gede', '2026-05-23 03:04:33', '2026-05-23 03:04:33'),
(283, 494, 'Pondok Melati', '2026-05-23 03:04:33', '2026-05-23 03:04:33'),
(284, 494, 'Jatiasih', '2026-05-23 03:04:33', '2026-05-23 03:04:33'),
(285, 494, 'Jatisampurna', '2026-05-23 03:04:33', '2026-05-23 03:04:33'),
(286, 494, 'Mustikajaya', '2026-05-23 03:04:33', '2026-05-23 03:04:33'),
(287, 185, 'Bunaken', '2026-05-23 03:04:33', '2026-05-23 03:04:33'),
(288, 185, 'Tuminting', '2026-05-23 03:04:33', '2026-05-23 03:04:33'),
(289, 185, 'Singkil', '2026-05-23 03:04:33', '2026-05-23 03:04:33'),
(290, 185, 'Wenang', '2026-05-23 03:04:33', '2026-05-23 03:04:33'),
(291, 185, 'Tikala', '2026-05-23 03:04:33', '2026-05-23 03:04:33'),
(292, 185, 'Paal Dua', '2026-05-23 03:04:33', '2026-05-23 03:04:33'),
(293, 185, 'Mapanget', '2026-05-23 03:04:33', '2026-05-23 03:04:33'),
(294, 185, 'Wanea', '2026-05-23 03:04:33', '2026-05-23 03:04:33'),
(295, 185, 'Sario', '2026-05-23 03:04:33', '2026-05-23 03:04:33'),
(296, 185, 'Malalayang', '2026-05-23 03:04:33', '2026-05-23 03:04:33'),
(297, 185, 'Bunaken Kepulauan', '2026-05-23 03:04:33', '2026-05-23 03:04:33'),
(298, 389, 'Balikpapan Selatan', '2026-05-23 03:04:33', '2026-05-23 03:04:33'),
(299, 389, 'Balikpapan Kota', '2026-05-23 03:04:33', '2026-05-23 03:04:33'),
(300, 389, 'Balikpapan Barat', '2026-05-23 03:04:33', '2026-05-23 03:04:33'),
(301, 389, 'Balikpapan Utara', '2026-05-23 03:04:33', '2026-05-23 03:04:33'),
(302, 389, 'Balikpapan Tengah', '2026-05-23 03:04:33', '2026-05-23 03:04:33'),
(303, 389, 'Balikpapan Timur', '2026-05-23 03:04:33', '2026-05-23 03:04:33'),
(304, 277, 'Samarinda Kota', '2026-05-23 03:04:33', '2026-05-23 03:04:33'),
(305, 277, 'Samarinda Seberang', '2026-05-23 03:04:33', '2026-05-23 03:04:33'),
(306, 277, 'Samarinda Ulu', '2026-05-23 03:04:33', '2026-05-23 03:04:33'),
(307, 277, 'Samarinda Ilir', '2026-05-23 03:04:33', '2026-05-23 03:04:33'),
(308, 277, 'Samarinda Utara', '2026-05-23 03:04:33', '2026-05-23 03:04:33'),
(309, 277, 'Sambutan', '2026-05-23 03:04:33', '2026-05-23 03:04:33'),
(310, 277, 'Sungai Kunjang', '2026-05-23 03:04:33', '2026-05-23 03:04:33'),
(311, 277, 'Sungai Pinang', '2026-05-23 03:04:33', '2026-05-23 03:04:33'),
(312, 277, 'Palaran', '2026-05-23 03:04:33', '2026-05-23 03:04:33'),
(313, 277, 'Loa Janan Ilir', '2026-05-23 03:04:33', '2026-05-23 03:04:33'),
(809, 390, 'Tanjung Redeb', '2026-05-23 03:40:18', '2026-05-23 03:40:18'),
(810, 390, 'Biduk-Biduk', '2026-05-23 03:40:18', '2026-05-23 03:40:18'),
(811, 390, 'Gunung Tabur', '2026-05-23 03:40:18', '2026-05-23 03:40:18'),
(812, 390, 'Kelay', '2026-05-23 03:40:18', '2026-05-23 03:40:18'),
(813, 390, 'Derawan (Pulau Derawan)', '2026-05-23 03:40:18', '2026-05-23 03:40:18'),
(814, 390, 'Sambaliung', '2026-05-23 03:40:18', '2026-05-23 03:40:18'),
(815, 390, 'Segah', '2026-05-23 03:40:18', '2026-05-23 03:40:18'),
(816, 390, 'Talisayan', '2026-05-23 03:40:18', '2026-05-23 03:40:18'),
(817, 390, 'Maratua', '2026-05-23 03:40:18', '2026-05-23 03:40:18'),
(818, 390, 'Teluk Bayur', '2026-05-23 03:40:18', '2026-05-23 03:40:18'),
(819, 390, 'Biatan', '2026-05-23 03:40:18', '2026-05-23 03:40:18'),
(820, 390, 'Batu Putih', '2026-05-23 03:40:18', '2026-05-23 03:40:18'),
(821, 390, 'Tabalar', '2026-05-23 03:40:18', '2026-05-23 03:40:18'),
(4491, 266, 'Banama Tingang', '2026-06-30 19:36:15', '2026-06-30 19:36:15'),
(4492, 266, 'Kahayan Hilir', '2026-06-30 19:36:15', '2026-06-30 19:36:15'),
(4493, 266, 'Kahayan Tengah', '2026-06-30 19:36:15', '2026-06-30 19:36:15'),
(4494, 266, 'Kahayan Kuala', '2026-06-30 19:36:15', '2026-06-30 19:36:15'),
(4495, 266, 'Pandih Batu', '2026-06-30 19:36:15', '2026-06-30 19:36:15'),
(4496, 266, 'Maliku', '2026-06-30 19:36:15', '2026-06-30 19:36:15'),
(4497, 266, 'Jabiren Raya', '2026-06-30 19:36:15', '2026-06-30 19:36:15'),
(4498, 266, 'Sebangau Kuala', '2026-06-30 19:36:15', '2026-06-30 19:36:15'),
(4916, 125, 'Jelai Hulu', '2026-05-23 03:41:20', '2026-05-23 03:41:20'),
(4917, 125, 'Kendawangan', '2026-05-23 03:41:20', '2026-05-23 03:41:20'),
(4918, 125, 'Manis Mata', '2026-05-23 03:41:20', '2026-05-23 03:41:20'),
(4919, 125, 'Marau', '2026-05-23 03:41:20', '2026-05-23 03:41:20'),
(4920, 125, 'Nanga Tayap', '2026-05-23 03:41:20', '2026-05-23 03:41:20'),
(4921, 125, 'Sandai', '2026-05-23 03:41:20', '2026-05-23 03:41:20'),
(4922, 125, 'Simpang Hulu', '2026-05-23 03:41:20', '2026-05-23 03:41:20'),
(4923, 125, 'Sungai Laur', '2026-05-23 03:41:20', '2026-05-23 03:41:20'),
(4924, 125, 'Tumbang Titi', '2026-05-23 03:41:20', '2026-05-23 03:41:20'),
(4925, 125, 'Benua Kayong', '2026-05-23 03:41:20', '2026-05-23 03:41:20'),
(4926, 125, 'Air Upas', '2026-05-23 03:41:20', '2026-05-23 03:41:20'),
(4927, 125, 'Delta Pawan', '2026-05-23 03:41:20', '2026-05-23 03:41:20'),
(4928, 125, 'Hulu Sungai', '2026-05-23 03:41:20', '2026-05-23 03:41:20'),
(4929, 125, 'Matan Hilir Selatan', '2026-05-23 03:41:20', '2026-05-23 03:41:20'),
(4930, 125, 'Matan Hilir Utara', '2026-05-23 03:41:20', '2026-05-23 03:41:20'),
(4931, 125, 'Muara Pawan', '2026-05-23 03:41:20', '2026-05-23 03:41:20'),
(4932, 125, 'Pemahan', '2026-05-23 03:41:20', '2026-05-23 03:41:20'),
(4933, 125, 'Simpang Dua', '2026-05-23 03:41:20', '2026-05-23 03:41:20'),
(4934, 125, 'Singkup', '2026-05-23 03:41:20', '2026-05-23 03:41:20'),
(4935, 125, 'Sungai Melayu Rayak', '2026-05-23 03:41:20', '2026-05-23 03:41:20'),
(6490, 174, 'Malinau Kota', '2026-05-23 03:41:07', '2026-05-23 03:41:07'),
(6491, 174, 'Mentarang', '2026-05-23 03:41:07', '2026-05-23 03:41:07'),
(6492, 174, 'Kayan Hulu', '2026-05-23 03:41:07', '2026-05-23 03:41:07'),
(6493, 174, 'Kayan Hilir', '2026-05-23 03:41:07', '2026-05-23 03:41:07'),
(6494, 174, 'Pujungan', '2026-05-23 03:41:07', '2026-05-23 03:41:07'),
(6495, 174, 'Malinau Barat', '2026-05-23 03:41:07', '2026-05-23 03:41:07'),
(6496, 174, 'Malinau Selatan', '2026-05-23 03:41:07', '2026-05-23 03:41:07'),
(6497, 174, 'Malinau Utara', '2026-05-23 03:41:07', '2026-05-23 03:41:07'),
(6498, 174, 'Sungai Boh', '2026-05-23 03:41:07', '2026-05-23 03:41:07'),
(6499, 174, 'Mentarang Hulu', '2026-05-23 03:41:07', '2026-05-23 03:41:07'),
(6500, 174, 'Kayan Selatan', '2026-05-23 03:41:07', '2026-05-23 03:41:07'),
(6501, 174, 'Bahau Hulu', '2026-05-23 03:41:07', '2026-05-23 03:41:07'),
(6502, 174, 'Malinau Selatan Hilir', '2026-05-23 03:41:07', '2026-05-23 03:41:07'),
(6503, 174, 'Malinau Selatan Hulu', '2026-05-23 03:41:07', '2026-05-23 03:41:07'),
(6504, 174, 'Sungai Tubu', '2026-05-23 03:41:07', '2026-05-23 03:41:07');

-- --------------------------------------------------------

--
-- Table structure for table `transactions`
--

CREATE TABLE `transactions` (
  `id` bigint(20) UNSIGNED NOT NULL,
  `user_id` bigint(20) UNSIGNED NOT NULL,
  `voucher_id` bigint(20) UNSIGNED DEFAULT NULL,
  `invoice_number` varchar(255) NOT NULL,
  `subtotal` decimal(12,2) NOT NULL,
  `shipping_cost` decimal(10,2) NOT NULL DEFAULT 0.00,
  `discount_amount` decimal(10,2) NOT NULL DEFAULT 0.00,
  `grand_total` decimal(12,2) NOT NULL,
  `status` enum('pending','paid','processing','shipped','delivered','cancelled','refunded','expired') NOT NULL DEFAULT 'pending',
  `payment_status` enum('unpaid','pending','paid','failed','expired') NOT NULL DEFAULT 'unpaid',
  `midtrans_order_id` varchar(255) DEFAULT NULL,
  `midtrans_transaction_id` varchar(255) DEFAULT NULL,
  `payment_method` varchar(255) DEFAULT NULL,
  `snap_token` varchar(255) DEFAULT NULL,
  `snap_url` varchar(255) DEFAULT NULL,
  `payment_expired_at` timestamp NULL DEFAULT NULL,
  `shipping_courier` varchar(255) DEFAULT NULL,
  `shipping_service` varchar(255) DEFAULT NULL,
  `shipping_etd` varchar(255) DEFAULT NULL,
  `tracking_number` varchar(255) DEFAULT NULL,
  `tracking_url` varchar(255) DEFAULT NULL,
  `shipping_address` text NOT NULL,
  `recipient_name` varchar(255) NOT NULL,
  `recipient_phone` varchar(255) NOT NULL,
  `notes` text DEFAULT NULL,
  `paid_at` timestamp NULL DEFAULT NULL,
  `shipped_at` timestamp NULL DEFAULT NULL,
  `delivered_at` timestamp NULL DEFAULT NULL,
  `created_at` timestamp NULL DEFAULT NULL,
  `updated_at` timestamp NULL DEFAULT NULL
) ENGINE=InnoDB DEFAULT CHARSET=utf8mb4 COLLATE=utf8mb4_unicode_ci;

--
-- Dumping data for table `transactions`
--

INSERT INTO `transactions` (`id`, `user_id`, `voucher_id`, `invoice_number`, `subtotal`, `shipping_cost`, `discount_amount`, `grand_total`, `status`, `payment_status`, `midtrans_order_id`, `midtrans_transaction_id`, `payment_method`, `snap_token`, `snap_url`, `payment_expired_at`, `shipping_courier`, `shipping_service`, `shipping_etd`, `tracking_number`, `tracking_url`, `shipping_address`, `recipient_name`, `recipient_phone`, `notes`, `paid_at`, `shipped_at`, `delivered_at`, `created_at`, `updated_at`) VALUES
(2, 2, NULL, 'INV/20260423/000001', 149000.00, 15000.00, 0.00, 164000.00, 'delivered', 'paid', NULL, NULL, NULL, NULL, NULL, NULL, 'jne', 'REG', '2-3 hari', NULL, NULL, 'jl.kehidupan', 'Sarah Customer', '085252609207', 'no.15', '2026-05-02 00:31:14', NULL, '2026-05-02 00:31:21', '2026-04-23 04:31:46', '2026-05-02 00:31:21'),
(3, 2, NULL, 'INV/20260429/000002', 168000.00, 15000.00, 0.00, 183000.00, 'delivered', 'paid', NULL, NULL, NULL, NULL, NULL, NULL, 'jne', 'REG', '2-3 hari', NULL, NULL, 'jl. nusa bangsa', 'Sarah Customer', '087367353533', 'belakang gedung bupati, No.1', '2026-04-29 02:19:39', '2026-05-05 02:39:33', '2026-04-29 02:19:27', '2026-04-29 01:56:42', '2026-06-07 11:08:33'),
(4, 2, NULL, 'INV/20260517/000003', 69000.00, 15000.00, 0.00, 84000.00, 'delivered', 'paid', NULL, NULL, NULL, NULL, NULL, NULL, 'jne', 'REG', '2-3 hari', NULL, NULL, 'jl.kehidupan', 'Sarah Customer', '087367353533', 'no.19', '2026-05-17 01:21:16', NULL, '2026-05-17 01:21:11', '2026-05-17 01:19:14', '2026-05-17 01:21:16'),
(5, 2, NULL, 'INV/20260517/000004', 69000.00, 15000.00, 0.00, 84000.00, 'delivered', 'paid', NULL, NULL, NULL, NULL, NULL, NULL, NULL, NULL, NULL, NULL, NULL, 'hbgf', 'Sarah Customer', '098765432', 'jhgfds', '2026-06-07 11:08:29', '2026-06-07 10:30:03', '2026-06-07 11:08:25', '2026-05-17 03:01:34', '2026-06-07 11:08:29'),
(6, 2, NULL, 'INV/20260523/000005', 218000.00, 17000.00, 0.00, 235000.00, 'delivered', 'paid', NULL, NULL, NULL, NULL, NULL, NULL, 'JNE', 'CTC', '8 day', NULL, NULL, 'jl. teluk, Kec. , Ketapang, Kalimantan Barat - 78819', 'Putri G', '08954747480', NULL, '2026-06-07 11:08:20', NULL, '2026-06-07 11:08:16', '2026-05-23 03:52:16', '2026-06-07 11:08:20'),
(7, 2, NULL, 'INV/20260523/000006', 69000.00, 17000.00, 0.00, 86000.00, 'delivered', 'paid', 'INV/20260523/000006', NULL, NULL, NULL, NULL, NULL, 'JNE', 'CTC', '8 day', NULL, NULL, 'Jl.Teluk Bayur, Kec. Matan Hilir Selatan, Ketapang, Kalimantan Barat - 78111', 'Putri Geovani', '089694789356', NULL, '2026-06-07 11:08:11', NULL, '2026-06-07 11:08:04', '2026-05-23 04:29:14', '2026-06-07 11:08:11'),
(8, 2, NULL, 'INV/20260523/000007', 69000.00, 17000.00, 0.00, 86000.00, 'delivered', 'paid', 'INV/20260523/000007', 'test-tx-123', 'qris', NULL, NULL, NULL, 'JNE', 'CTC', '8 day', NULL, NULL, 'Jl.Teluk Bayur, Kec. Matan Hilir Selatan, Ketapang, Kalimantan Barat - 78111', 'Putri Geovani', '089694789356', NULL, '2026-05-23 05:46:06', NULL, '2026-06-07 11:07:57', '2026-05-23 05:36:05', '2026-06-07 11:07:57'),
(9, 2, NULL, 'INV/20260523/000008', 69000.00, 17000.00, 0.00, 86000.00, 'delivered', 'paid', 'INV/20260523/000008', '968461f8-ab1a-49b1-be2f-dba53bf5d59c', 'qris', NULL, NULL, NULL, 'JNE', 'CTC', '8 day', NULL, NULL, 'Jl.Teluk Bayur, Kec. Matan Hilir Selatan, Ketapang, Kalimantan Barat - 78111', 'Putri Geovani', '089694789356', NULL, '2026-05-23 05:49:02', NULL, '2026-06-07 11:07:51', '2026-05-23 05:48:33', '2026-06-07 11:07:51'),
(10, 2, NULL, 'INV/20260524/000009', 149000.00, 17000.00, 0.00, 166000.00, 'delivered', 'paid', 'INV/20260524/000009', NULL, NULL, NULL, NULL, NULL, 'JNE', 'CTC', '8 day', NULL, NULL, 'Jl.Teluk Bayur, Kec. Matan Hilir Selatan, Ketapang, Kalimantan Barat - 78111', 'Putri Geovani', '089694789356', NULL, '2026-06-07 11:07:48', '2026-06-07 10:30:52', '2026-06-07 11:07:44', '2026-05-24 04:36:28', '2026-06-07 11:07:48'),
(11, 6, NULL, 'INV/20260526/000010', 69000.00, 17000.00, 0.00, 86000.00, 'delivered', 'paid', 'INV/20260526/000010', 'dc9f5022-5313-49fa-b025-631d18b370a4', 'qris', NULL, NULL, NULL, 'JNE', 'CTC', '8 day', 'JP11223', 'https://www.jne.co.id/id/tracking/trace', 'Jl. Jentral Urip, Kec. Pontianak Kota, Pontianak, Kalimantan Barat - 78112', 'Gev', '089694789356', NULL, '2026-05-26 02:38:14', '2026-05-26 02:41:01', '2026-06-01 01:56:00', '2026-05-26 02:37:30', '2026-06-01 01:56:00'),
(12, 6, 3, 'INV/20260602/000011', 394000.00, 17000.00, 50000.00, 361000.00, 'delivered', 'paid', 'INV/20260602/000011', NULL, NULL, NULL, NULL, NULL, 'JNE', 'CTC', '8 day', NULL, NULL, 'Jl. Jentral Urip, Kec. Pontianak Kota, Pontianak, Kalimantan Barat - 78112', 'Gev', '089694789356', NULL, '2026-06-07 11:07:40', '2026-06-07 10:27:43', '2026-06-07 11:07:33', '2026-06-02 03:01:16', '2026-06-07 11:07:40'),
(13, 6, 1, 'INV/20260612/000012', 675000.00, 8000.00, 50000.00, 633000.00, 'delivered', 'paid', 'INV/20260612/000012', '06fac53b-82e6-4866-8075-bfdb1705f687', 'qris', NULL, NULL, NULL, 'JNE', 'Pos Reguler', '2 day', 'JP23343118', 'https://www.jne.co.id/id/tracking/trace', 'Jl. Jentral Urip, Kec. Pontianak Kota, Pontianak, Kalimantan Barat - 78112', 'Gev', '089694789356', NULL, '2026-06-12 00:58:35', '2026-06-12 00:59:19', '2026-06-13 08:27:59', '2026-06-12 00:57:48', '2026-06-13 08:27:59'),
(14, 6, NULL, 'INV/20260613/000013', 339999.00, 17000.00, 0.00, 356999.00, 'cancelled', 'expired', 'INV/20260613/000013', NULL, NULL, NULL, NULL, NULL, 'JNE', 'CTC', '8 day', NULL, NULL, 'Jl. Jentral Urip, Kec. Pontianak Kota, Pontianak, Kalimantan Barat - 78112', 'Gev', '086363378282', NULL, NULL, NULL, NULL, '2026-06-13 08:40:36', '2026-06-14 01:00:50'),
(15, 6, NULL, 'INV/20260613/000014', 99999.00, 17000.00, 0.00, 116999.00, 'processing', 'paid', 'INV/20260613/000014', NULL, NULL, '27363bfe-4fdc-4f4a-8f73-ae8e438e6f5c', 'https://app.sandbox.midtrans.com/snap/v4/redirection/27363bfe-4fdc-4f4a-8f73-ae8e438e6f5c', '2026-06-15 00:35:46', 'JNE', 'CTC', '8 day', NULL, NULL, 'Jl. Jentral Urip, Kec. Pontianak Kota, Pontianak, Kalimantan Barat - 78112', 'Gev', '086363378282', NULL, '2026-06-14 01:00:37', NULL, NULL, '2026-06-13 08:48:29', '2026-06-14 01:00:41'),
(16, 6, NULL, 'INV/20260614/000015', 99999.00, 17000.00, 0.00, 116999.00, 'pending', 'paid', 'INV/20260614/000015', NULL, NULL, '0c8070b2-5571-48a8-9572-f8f8fd73e8e4', 'https://app.sandbox.midtrans.com/snap/v4/redirection/0c8070b2-5571-48a8-9572-f8f8fd73e8e4', '2026-06-15 04:17:05', 'JNE', 'CTC', '8 day', NULL, NULL, 'Jl. Jentral Urip, Kec. Pontianak Kota, Pontianak, Kalimantan Barat - 78112', 'Gev', '086363378282', NULL, '2026-06-14 04:19:12', NULL, NULL, '2026-06-14 04:17:05', '2026-06-14 04:19:12'),
(17, 1, NULL, 'INV/20260701/000016', 99999.00, 103000.00, 0.00, 202999.00, 'pending', 'unpaid', 'INV/20260701/000016', NULL, NULL, '3f5a9135-dea1-48bb-ba39-108875e014fb', 'https://app.sandbox.midtrans.com/snap/v4/redirection/3f5a9135-dea1-48bb-ba39-108875e014fb', '2026-07-01 19:37:13', 'JNE', 'REG', '8 day', NULL, NULL, 'jj, Kec. Jabiren Raya, Pulang Pisau, Kalimantan Tengah - 74811', '1', '1', NULL, NULL, NULL, NULL, '2026-06-30 19:37:12', '2026-06-30 19:37:13');

-- --------------------------------------------------------

--
-- Table structure for table `transaction_details`
--

CREATE TABLE `transaction_details` (
  `id` bigint(20) UNSIGNED NOT NULL,
  `transaction_id` bigint(20) UNSIGNED NOT NULL,
  `product_id` bigint(20) UNSIGNED NOT NULL,
  `quantity` int(11) NOT NULL,
  `price` decimal(12,2) NOT NULL,
  `subtotal` decimal(12,2) NOT NULL,
  `created_at` timestamp NULL DEFAULT NULL,
  `updated_at` timestamp NULL DEFAULT NULL
) ENGINE=InnoDB DEFAULT CHARSET=utf8mb4 COLLATE=utf8mb4_unicode_ci;

--
-- Dumping data for table `transaction_details`
--

INSERT INTO `transaction_details` (`id`, `transaction_id`, `product_id`, `quantity`, `price`, `subtotal`, `created_at`, `updated_at`) VALUES
(2, 2, 4, 1, 149000.00, 149000.00, '2026-04-23 04:31:46', '2026-04-23 04:31:46'),
(3, 3, 2, 1, 69000.00, 69000.00, '2026-04-29 01:56:42', '2026-04-29 01:56:42'),
(4, 3, 7, 1, 99000.00, 99000.00, '2026-04-29 01:56:42', '2026-04-29 01:56:42'),
(5, 4, 2, 1, 69000.00, 69000.00, '2026-05-17 01:19:14', '2026-05-17 01:19:14'),
(6, 5, 2, 1, 69000.00, 69000.00, '2026-05-17 03:01:34', '2026-05-17 03:01:34'),
(7, 6, 4, 1, 149000.00, 149000.00, '2026-05-23 03:52:16', '2026-05-23 03:52:16'),
(8, 6, 2, 1, 69000.00, 69000.00, '2026-05-23 03:52:16', '2026-05-23 03:52:16'),
(9, 7, 2, 1, 69000.00, 69000.00, '2026-05-23 04:29:14', '2026-05-23 04:29:14'),
(10, 8, 2, 1, 69000.00, 69000.00, '2026-05-23 05:36:05', '2026-05-23 05:36:05'),
(11, 9, 2, 1, 69000.00, 69000.00, '2026-05-23 05:48:33', '2026-05-23 05:48:33'),
(12, 10, 4, 1, 149000.00, 149000.00, '2026-05-24 04:36:28', '2026-05-24 04:36:28'),
(13, 11, 2, 1, 69000.00, 69000.00, '2026-05-26 02:37:30', '2026-05-26 02:37:30'),
(14, 12, 3, 2, 197000.00, 394000.00, '2026-06-02 03:01:16', '2026-06-02 03:01:16'),
(15, 13, 9, 3, 225000.00, 675000.00, '2026-06-12 00:57:48', '2026-06-12 00:57:48'),
(16, 14, 28, 1, 339999.00, 339999.00, '2026-06-13 08:40:36', '2026-06-13 08:40:36'),
(17, 15, 3, 1, 99999.00, 99999.00, '2026-06-13 08:48:29', '2026-06-13 08:48:29'),
(18, 16, 3, 1, 99999.00, 99999.00, '2026-06-14 04:17:05', '2026-06-14 04:17:05'),
(19, 17, 3, 1, 99999.00, 99999.00, '2026-06-30 19:37:12', '2026-06-30 19:37:12');

-- --------------------------------------------------------

--
-- Table structure for table `users`
--

CREATE TABLE `users` (
  `id` bigint(20) UNSIGNED NOT NULL,
  `name` varchar(255) NOT NULL,
  `email` varchar(255) NOT NULL,
  `phone` varchar(255) DEFAULT NULL,
  `email_verified_at` timestamp NULL DEFAULT NULL,
  `password` varchar(255) NOT NULL,
  `remember_token` varchar(100) DEFAULT NULL,
  `role` enum('customer','admin') NOT NULL DEFAULT 'customer',
  `provider` varchar(255) DEFAULT NULL,
  `provider_id` varchar(255) DEFAULT NULL,
  `avatar` varchar(255) DEFAULT NULL,
  `phone_number` varchar(255) DEFAULT NULL,
  `created_at` timestamp NULL DEFAULT NULL,
  `updated_at` timestamp NULL DEFAULT NULL
) ENGINE=InnoDB DEFAULT CHARSET=utf8mb4 COLLATE=utf8mb4_unicode_ci;

--
-- Dumping data for table `users`
--

INSERT INTO `users` (`id`, `name`, `email`, `phone`, `email_verified_at`, `password`, `remember_token`, `role`, `provider`, `provider_id`, `avatar`, `phone_number`, `created_at`, `updated_at`) VALUES
(1, 'Administrator', 'admin@fashionista.com', NULL, '2026-04-23 07:38:01', '$2y$12$PkRWgQin7ovoFG6bejA8Ref9xPvUE3CW2ZgtjHSZtn7drGlKsihnW', NULL, 'admin', NULL, NULL, NULL, NULL, '2026-04-23 07:38:01', '2026-04-23 01:26:40'),
(2, 'Sarah Customer', 'sarah@example.com', NULL, '2026-06-09 11:14:30', '$2y$12$tB4A7j1Ho5mumSCH6V2Q0OHmvhZVsKjW0buq02ESxm4ctn4vglcVW', NULL, 'customer', NULL, NULL, NULL, NULL, '2026-04-23 07:38:01', '2026-06-09 11:14:30'),
(6, 'Gev', 'cacasecret21@gmail.com', NULL, '2026-05-30 06:12:21', '$2y$12$iluUuDuywMo1dJsNVD43VO60JoaC/FlnykgIznCA9VPC1/05HFz0O', NULL, 'customer', NULL, NULL, NULL, NULL, '2026-05-04 04:01:59', '2026-05-30 06:12:21'),
(7, 'Admin', 'aciaa917@gmail.com', NULL, NULL, '$2y$12$7y.u85MuUmImodO3hE12CuNu5AaS.N0.OJJxK9GQsp/3RNAEb4Sp2', NULL, 'admin', NULL, NULL, NULL, NULL, '2026-05-05 01:30:16', '2026-05-05 01:30:16'),
(8, 'Caca', 'alderickonnica30@gmail.com', NULL, NULL, '$2y$12$wBslG5Oj8xcxPBMIrIWpbunyr8L.0Dn5R8PEO7hwpfxGpggZ9t4ve', NULL, 'customer', NULL, NULL, NULL, NULL, '2026-06-16 00:02:06', '2026-06-16 00:02:06');

-- --------------------------------------------------------

--
-- Table structure for table `user_addresses`
--

CREATE TABLE `user_addresses` (
  `id` bigint(20) UNSIGNED NOT NULL,
  `user_id` bigint(20) UNSIGNED NOT NULL,
  `label` varchar(255) NOT NULL DEFAULT 'Home',
  `recipient_name` varchar(255) NOT NULL,
  `phone` varchar(255) NOT NULL,
  `address` text NOT NULL,
  `province` varchar(255) NOT NULL,
  `province_id` bigint(20) UNSIGNED NOT NULL,
  `city` varchar(255) NOT NULL,
  `city_id` bigint(20) UNSIGNED NOT NULL,
  `subdistrict_id` bigint(20) UNSIGNED DEFAULT NULL,
  `district` varchar(255) DEFAULT NULL,
  `postal_code` varchar(255) DEFAULT NULL,
  `is_default` tinyint(1) NOT NULL DEFAULT 0,
  `created_at` timestamp NULL DEFAULT NULL,
  `updated_at` timestamp NULL DEFAULT NULL
) ENGINE=InnoDB DEFAULT CHARSET=utf8mb4 COLLATE=utf8mb4_unicode_ci;

--
-- Dumping data for table `user_addresses`
--

INSERT INTO `user_addresses` (`id`, `user_id`, `label`, `recipient_name`, `phone`, `address`, `province`, `province_id`, `city`, `city_id`, `subdistrict_id`, `district`, `postal_code`, `is_default`, `created_at`, `updated_at`) VALUES
(1, 2, 'Rumah', 'Sarah Customer', '081234567890', 'Jl. Fashion No. 45, RT 01 RW 02', 'DKI Jakarta', 1, 'Jakarta Selatan', 23, NULL, 'Kebayoran Baru', '12120', 1, '2026-04-23 07:38:24', '2026-04-23 07:38:24'),
(4, 2, 'rumah hijau', 'Putri Geovani', '089694789356', 'Jl.Teluk Bayur', 'Kalimantan Barat', 12, 'Ketapang', 125, 4929, 'Matan Hilir Selatan', '78111', 0, '2026-05-23 03:42:40', '2026-05-23 03:42:40'),
(6, 2, 'no 18', 'Gev', '089694789356', 'Jl. Jendral Urip', 'Kalimantan Barat', 12, 'Pontianak', 365, 1, 'Pontianak Kota', '78112', 0, '2026-05-26 00:46:08', '2026-05-26 00:46:08'),
(7, 6, 'no 18', 'Gev', '086363378282', 'Jl. Jentral Urip', 'Kalimantan Barat', 12, 'Pontianak', 365, 1, 'Pontianak Kota', '78112', 1, '2026-05-26 02:37:21', '2026-06-13 08:30:01'),
(8, 1, '1', '1', '1', 'jj', 'Kalimantan Tengah', 14, 'Pulang Pisau', 266, 4497, 'Jabiren Raya', '74811', 1, '2026-06-30 19:36:27', '2026-06-30 19:36:27');

-- --------------------------------------------------------

--
-- Table structure for table `user_vouchers`
--

CREATE TABLE `user_vouchers` (
  `id` bigint(20) UNSIGNED NOT NULL,
  `user_id` bigint(20) UNSIGNED NOT NULL,
  `voucher_id` bigint(20) UNSIGNED NOT NULL,
  `voucher_code` varchar(50) NOT NULL,
  `is_used` tinyint(1) NOT NULL DEFAULT 0,
  `used_at` timestamp NULL DEFAULT NULL,
  `created_at` timestamp NULL DEFAULT NULL,
  `updated_at` timestamp NULL DEFAULT NULL
) ENGINE=InnoDB DEFAULT CHARSET=utf8mb4 COLLATE=utf8mb4_unicode_ci;

--
-- Dumping data for table `user_vouchers`
--

INSERT INTO `user_vouchers` (`id`, `user_id`, `voucher_id`, `voucher_code`, `is_used`, `used_at`, `created_at`, `updated_at`) VALUES
(1, 6, 4, 'PROMO50K', 0, NULL, '2026-06-01 03:03:44', '2026-06-01 03:03:44'),
(2, 6, 3, 'HEMAT30', 1, '2026-06-02 03:01:16', '2026-06-01 03:03:50', '2026-06-02 03:01:16'),
(3, 6, 5, 'BUY5', 0, NULL, '2026-06-01 03:04:06', '2026-06-01 03:04:06'),
(4, 6, 1, 'MEMBERSHIP', 1, '2026-06-12 00:57:48', '2026-06-12 00:45:39', '2026-06-12 00:57:48'),
(5, 6, 1, 'MEMBERSIP', 0, NULL, '2026-06-27 04:47:53', '2026-06-27 04:47:53'),
(6, 1, 5, 'BUY5', 0, NULL, '2026-06-30 19:35:58', '2026-06-30 19:35:58');

-- --------------------------------------------------------

--
-- Table structure for table `vouchers`
--

CREATE TABLE `vouchers` (
  `id` bigint(20) UNSIGNED NOT NULL,
  `code` varchar(255) NOT NULL,
  `name` varchar(255) NOT NULL,
  `description` text DEFAULT NULL,
  `type` enum('percentage','fixed','free_shipping') NOT NULL DEFAULT 'percentage',
  `value` decimal(10,2) NOT NULL,
  `min_purchase` decimal(10,2) NOT NULL DEFAULT 0.00,
  `min_qty` int(11) NOT NULL DEFAULT 0,
  `max_discount` decimal(10,2) DEFAULT NULL,
  `max_usage` int(11) DEFAULT NULL,
  `used_count` int(11) NOT NULL DEFAULT 0,
  `start_date` date DEFAULT NULL,
  `expiry_date` date NOT NULL,
  `is_active` tinyint(1) NOT NULL DEFAULT 1,
  `user_type` varchar(20) NOT NULL DEFAULT 'general',
  `min_completed_orders` int(10) UNSIGNED NOT NULL DEFAULT 0,
  `created_at` timestamp NULL DEFAULT NULL,
  `updated_at` timestamp NULL DEFAULT NULL
) ENGINE=InnoDB DEFAULT CHARSET=utf8mb4 COLLATE=utf8mb4_unicode_ci;

--
-- Dumping data for table `vouchers`
--

INSERT INTO `vouchers` (`id`, `code`, `name`, `description`, `type`, `value`, `min_purchase`, `min_qty`, `max_discount`, `max_usage`, `used_count`, `start_date`, `expiry_date`, `is_active`, `user_type`, `min_completed_orders`, `created_at`, `updated_at`) VALUES
(1, 'MEMBERSIP', 'Member Voucher', 'Diskon 10% untuk pembelian pertama fashion wanita', 'percentage', 20.00, 100000.00, 0, 50000.00, 200, 1, '2026-04-23', '2026-07-22', 1, 'active_user', 5, '2026-04-23 07:38:24', '2026-06-27 04:47:28'),
(2, 'FREESHIPP', 'Gratis Ongkir', 'Gratis ongkir minimal belanja Rp 150.000', 'percentage', 100.00, 150000.00, 0, 50000.00, 100, 0, '2026-04-23', '2026-05-23', 1, 'general', 0, '2026-04-23 07:38:24', '2026-04-23 07:38:24'),
(3, 'HEMAT30', 'Diskon 30%', 'Diskon 30% khusus fashion, maksimal Rp 50.000', 'percentage', 30.00, 500000.00, 0, 50000.00, 5, 1, '2026-06-12', '2026-06-13', 1, 'general', 0, '2026-04-23 07:38:24', '2026-06-12 00:41:33'),
(4, 'PROMO50K', 'Potongan Rp 50.000', 'Potongan Rp 50.000 minimal belanja Rp 200.000', 'fixed', 50000.00, 200000.00, 0, 50000.00, 80, 0, '2026-04-23', '2026-06-07', 1, 'general', 0, '2026-04-23 07:38:24', '2026-04-23 07:38:24'),
(5, 'BUY5', 'Beli 5 Item Gratis Ongkir', 'Beli minimal 5 item, gratis ongkir', 'percentage', 100.00, 0.00, 5, 60000.00, 50, 0, '2026-04-23', '2026-07-22', 1, 'general', 0, '2026-04-23 07:38:24', '2026-06-12 00:37:48');

-- --------------------------------------------------------

--
-- Table structure for table `voucher_usage_logs`
--

CREATE TABLE `voucher_usage_logs` (
  `id` bigint(20) UNSIGNED NOT NULL,
  `voucher_id` bigint(20) UNSIGNED NOT NULL,
  `voucher_code` varchar(50) DEFAULT NULL,
  `user_id` bigint(20) UNSIGNED NOT NULL,
  `transaction_id` bigint(20) UNSIGNED NOT NULL,
  `discount_amount` decimal(10,2) NOT NULL,
  `created_at` timestamp NULL DEFAULT NULL,
  `updated_at` timestamp NULL DEFAULT NULL
) ENGINE=InnoDB DEFAULT CHARSET=utf8mb4 COLLATE=utf8mb4_unicode_ci;

--
-- Dumping data for table `voucher_usage_logs`
--

INSERT INTO `voucher_usage_logs` (`id`, `voucher_id`, `voucher_code`, `user_id`, `transaction_id`, `discount_amount`, `created_at`, `updated_at`) VALUES
(1, 3, 'HEMAT30', 6, 12, 50000.00, '2026-06-02 03:01:16', '2026-06-02 03:01:16'),
(2, 1, 'MEMBERSHIP', 6, 13, 50000.00, '2026-06-12 00:57:48', '2026-06-12 00:57:48');

-- --------------------------------------------------------

--
-- Table structure for table `wishlists`
--

CREATE TABLE `wishlists` (
  `id` bigint(20) UNSIGNED NOT NULL,
  `user_id` bigint(20) UNSIGNED NOT NULL,
  `product_id` bigint(20) UNSIGNED NOT NULL,
  `created_at` timestamp NULL DEFAULT NULL,
  `updated_at` timestamp NULL DEFAULT NULL
) ENGINE=InnoDB DEFAULT CHARSET=utf8mb4 COLLATE=utf8mb4_unicode_ci;

--
-- Dumping data for table `wishlists`
--

INSERT INTO `wishlists` (`id`, `user_id`, `product_id`, `created_at`, `updated_at`) VALUES
(17, 2, 1, '2026-05-17 01:13:20', '2026-05-17 01:13:20'),
(19, 6, 3, '2026-06-01 03:03:12', '2026-06-01 03:03:12'),
(20, 6, 4, '2026-06-12 06:33:35', '2026-06-12 06:33:35');

--
-- Indexes for dumped tables
--

--
-- Indexes for table `activity_logs`
--
ALTER TABLE `activity_logs`
  ADD PRIMARY KEY (`id`),
  ADD KEY `fk_activity_logs_user` (`user_id`);

--
-- Indexes for table `banners`
--
ALTER TABLE `banners`
  ADD PRIMARY KEY (`id`);

--
-- Indexes for table `cache`
--
ALTER TABLE `cache`
  ADD PRIMARY KEY (`key`),
  ADD KEY `cache_expiration_index` (`expiration`);

--
-- Indexes for table `cache_locks`
--
ALTER TABLE `cache_locks`
  ADD PRIMARY KEY (`key`),
  ADD KEY `cache_locks_expiration_index` (`expiration`);

--
-- Indexes for table `carts`
--
ALTER TABLE `carts`
  ADD PRIMARY KEY (`id`),
  ADD KEY `fk_carts_user` (`user_id`);

--
-- Indexes for table `cart_items`
--
ALTER TABLE `cart_items`
  ADD PRIMARY KEY (`id`),
  ADD KEY `fk_cart_items_product` (`product_id`),
  ADD KEY `fk_cart_items_cart` (`cart_id`);

--
-- Indexes for table `categories`
--
ALTER TABLE `categories`
  ADD PRIMARY KEY (`id`),
  ADD UNIQUE KEY `categories_slug_unique` (`slug`);

--
-- Indexes for table `cities`
--
ALTER TABLE `cities`
  ADD PRIMARY KEY (`id`),
  ADD KEY `fk_cities_province` (`province_id`);

--
-- Indexes for table `customer_service_messages`
--
ALTER TABLE `customer_service_messages`
  ADD PRIMARY KEY (`id`),
  ADD KEY `fk_cs_messages_user` (`user_id`);

--
-- Indexes for table `daily_sales_summaries`
--
ALTER TABLE `daily_sales_summaries`
  ADD PRIMARY KEY (`id`),
  ADD UNIQUE KEY `daily_sales_summaries_date_unique` (`date`);

--
-- Indexes for table `failed_jobs`
--
ALTER TABLE `failed_jobs`
  ADD PRIMARY KEY (`id`),
  ADD UNIQUE KEY `failed_jobs_uuid_unique` (`uuid`);

--
-- Indexes for table `financial_reports`
--
ALTER TABLE `financial_reports`
  ADD PRIMARY KEY (`id`);

--
-- Indexes for table `jobs`
--
ALTER TABLE `jobs`
  ADD PRIMARY KEY (`id`),
  ADD KEY `jobs_queue_index` (`queue`);

--
-- Indexes for table `job_batches`
--
ALTER TABLE `job_batches`
  ADD PRIMARY KEY (`id`);

--
-- Indexes for table `migrations`
--
ALTER TABLE `migrations`
  ADD PRIMARY KEY (`id`);

--
-- Indexes for table `notifications`
--
ALTER TABLE `notifications`
  ADD PRIMARY KEY (`id`),
  ADD KEY `fk_notifications_user` (`user_id`);

--
-- Indexes for table `notification_settings`
--
ALTER TABLE `notification_settings`
  ADD PRIMARY KEY (`id`),
  ADD KEY `fk_notification_settings_user` (`user_id`);

--
-- Indexes for table `password_reset_tokens`
--
ALTER TABLE `password_reset_tokens`
  ADD PRIMARY KEY (`email`);

--
-- Indexes for table `products`
--
ALTER TABLE `products`
  ADD PRIMARY KEY (`id`),
  ADD UNIQUE KEY `products_slug_unique` (`slug`),
  ADD UNIQUE KEY `products_sku_unique` (`sku`),
  ADD KEY `fk_products_category` (`category_id`);

--
-- Indexes for table `provinces`
--
ALTER TABLE `provinces`
  ADD PRIMARY KEY (`id`);

--
-- Indexes for table `ratings`
--
ALTER TABLE `ratings`
  ADD PRIMARY KEY (`id`),
  ADD UNIQUE KEY `ratings_user_id_product_id_transaction_id_unique` (`user_id`,`product_id`,`transaction_id`),
  ADD KEY `fk_ratings_product` (`product_id`),
  ADD KEY `fk_ratings_transaction` (`transaction_id`);

--
-- Indexes for table `returs`
--
ALTER TABLE `returs`
  ADD PRIMARY KEY (`id`),
  ADD UNIQUE KEY `returs_retur_number_unique` (`retur_number`),
  ADD KEY `fk_returs_user` (`user_id`),
  ADD KEY `fk_returs_transaction` (`transaction_id`);

--
-- Indexes for table `retur_items`
--
ALTER TABLE `retur_items`
  ADD PRIMARY KEY (`id`),
  ADD KEY `fk_retur_items_retur` (`retur_id`),
  ADD KEY `fk_retur_items_transaction_detail` (`transaction_detail_id`);

--
-- Indexes for table `sessions`
--
ALTER TABLE `sessions`
  ADD PRIMARY KEY (`id`),
  ADD KEY `sessions_user_id_index` (`user_id`),
  ADD KEY `sessions_last_activity_index` (`last_activity`);

--
-- Indexes for table `shipping_costs`
--
ALTER TABLE `shipping_costs`
  ADD PRIMARY KEY (`id`);

--
-- Indexes for table `stocks`
--
ALTER TABLE `stocks`
  ADD PRIMARY KEY (`id`),
  ADD KEY `fk_stocks_product` (`product_id`);

--
-- Indexes for table `store_settings`
--
ALTER TABLE `store_settings`
  ADD PRIMARY KEY (`id`),
  ADD UNIQUE KEY `store_settings_key_unique` (`key`);

--
-- Indexes for table `subdistricts`
--
ALTER TABLE `subdistricts`
  ADD PRIMARY KEY (`id`),
  ADD KEY `fk_subdistricts_city` (`city_id`);

--
-- Indexes for table `transactions`
--
ALTER TABLE `transactions`
  ADD PRIMARY KEY (`id`),
  ADD UNIQUE KEY `transactions_invoice_number_unique` (`invoice_number`),
  ADD KEY `fk_transactions_user` (`user_id`),
  ADD KEY `fk_transactions_voucher` (`voucher_id`);

--
-- Indexes for table `transaction_details`
--
ALTER TABLE `transaction_details`
  ADD PRIMARY KEY (`id`),
  ADD KEY `fk_transaction_details_product` (`product_id`),
  ADD KEY `fk_transaction_details_transaction` (`transaction_id`);

--
-- Indexes for table `users`
--
ALTER TABLE `users`
  ADD PRIMARY KEY (`id`),
  ADD UNIQUE KEY `users_email_unique` (`email`);

--
-- Indexes for table `user_addresses`
--
ALTER TABLE `user_addresses`
  ADD PRIMARY KEY (`id`),
  ADD KEY `fk_user_addresses_user` (`user_id`),
  ADD KEY `fk_user_addresses_province` (`province_id`),
  ADD KEY `fk_user_addresses_city` (`city_id`),
  ADD KEY `fk_user_addresses_subdistrict` (`subdistrict_id`);

--
-- Indexes for table `user_vouchers`
--
ALTER TABLE `user_vouchers`
  ADD PRIMARY KEY (`id`),
  ADD UNIQUE KEY `user_vouchers_user_id_voucher_code_unique` (`user_id`,`voucher_code`),
  ADD KEY `fk_user_vouchers_voucher` (`voucher_id`);

--
-- Indexes for table `vouchers`
--
ALTER TABLE `vouchers`
  ADD PRIMARY KEY (`id`),
  ADD UNIQUE KEY `vouchers_code_unique` (`code`);

--
-- Indexes for table `voucher_usage_logs`
--
ALTER TABLE `voucher_usage_logs`
  ADD PRIMARY KEY (`id`),
  ADD KEY `fk_voucher_logs_user` (`user_id`),
  ADD KEY `fk_voucher_logs_transaction` (`transaction_id`),
  ADD KEY `fk_voucher_logs_voucher` (`voucher_id`);

--
-- Indexes for table `wishlists`
--
ALTER TABLE `wishlists`
  ADD PRIMARY KEY (`id`),
  ADD UNIQUE KEY `wishlists_user_id_product_id_unique` (`user_id`,`product_id`),
  ADD KEY `fk_wishlists_product` (`product_id`);

--
-- AUTO_INCREMENT for dumped tables
--

--
-- AUTO_INCREMENT for table `activity_logs`
--
ALTER TABLE `activity_logs`
  MODIFY `id` bigint(20) UNSIGNED NOT NULL AUTO_INCREMENT;

--
-- AUTO_INCREMENT for table `banners`
--
ALTER TABLE `banners`
  MODIFY `id` bigint(20) UNSIGNED NOT NULL AUTO_INCREMENT, AUTO_INCREMENT=6;

--
-- AUTO_INCREMENT for table `carts`
--
ALTER TABLE `carts`
  MODIFY `id` bigint(20) UNSIGNED NOT NULL AUTO_INCREMENT, AUTO_INCREMENT=11;

--
-- AUTO_INCREMENT for table `cart_items`
--
ALTER TABLE `cart_items`
  MODIFY `id` bigint(20) UNSIGNED NOT NULL AUTO_INCREMENT, AUTO_INCREMENT=19;

--
-- AUTO_INCREMENT for table `categories`
--
ALTER TABLE `categories`
  MODIFY `id` bigint(20) UNSIGNED NOT NULL AUTO_INCREMENT, AUTO_INCREMENT=5;

--
-- AUTO_INCREMENT for table `customer_service_messages`
--
ALTER TABLE `customer_service_messages`
  MODIFY `id` bigint(20) UNSIGNED NOT NULL AUTO_INCREMENT;

--
-- AUTO_INCREMENT for table `daily_sales_summaries`
--
ALTER TABLE `daily_sales_summaries`
  MODIFY `id` bigint(20) UNSIGNED NOT NULL AUTO_INCREMENT;

--
-- AUTO_INCREMENT for table `failed_jobs`
--
ALTER TABLE `failed_jobs`
  MODIFY `id` bigint(20) UNSIGNED NOT NULL AUTO_INCREMENT;

--
-- AUTO_INCREMENT for table `financial_reports`
--
ALTER TABLE `financial_reports`
  MODIFY `id` bigint(20) UNSIGNED NOT NULL AUTO_INCREMENT;

--
-- AUTO_INCREMENT for table `jobs`
--
ALTER TABLE `jobs`
  MODIFY `id` bigint(20) UNSIGNED NOT NULL AUTO_INCREMENT;

--
-- AUTO_INCREMENT for table `migrations`
--
ALTER TABLE `migrations`
  MODIFY `id` int(10) UNSIGNED NOT NULL AUTO_INCREMENT, AUTO_INCREMENT=41;

--
-- AUTO_INCREMENT for table `notifications`
--
ALTER TABLE `notifications`
  MODIFY `id` bigint(20) UNSIGNED NOT NULL AUTO_INCREMENT, AUTO_INCREMENT=27;

--
-- AUTO_INCREMENT for table `notification_settings`
--
ALTER TABLE `notification_settings`
  MODIFY `id` bigint(20) UNSIGNED NOT NULL AUTO_INCREMENT;

--
-- AUTO_INCREMENT for table `products`
--
ALTER TABLE `products`
  MODIFY `id` bigint(20) UNSIGNED NOT NULL AUTO_INCREMENT, AUTO_INCREMENT=51;

--
-- AUTO_INCREMENT for table `ratings`
--
ALTER TABLE `ratings`
  MODIFY `id` bigint(20) UNSIGNED NOT NULL AUTO_INCREMENT, AUTO_INCREMENT=21;

--
-- AUTO_INCREMENT for table `returs`
--
ALTER TABLE `returs`
  MODIFY `id` bigint(20) UNSIGNED NOT NULL AUTO_INCREMENT, AUTO_INCREMENT=3;

--
-- AUTO_INCREMENT for table `retur_items`
--
ALTER TABLE `retur_items`
  MODIFY `id` bigint(20) UNSIGNED NOT NULL AUTO_INCREMENT, AUTO_INCREMENT=3;

--
-- AUTO_INCREMENT for table `shipping_costs`
--
ALTER TABLE `shipping_costs`
  MODIFY `id` bigint(20) UNSIGNED NOT NULL AUTO_INCREMENT, AUTO_INCREMENT=33;

--
-- AUTO_INCREMENT for table `stocks`
--
ALTER TABLE `stocks`
  MODIFY `id` bigint(20) UNSIGNED NOT NULL AUTO_INCREMENT, AUTO_INCREMENT=9;

--
-- AUTO_INCREMENT for table `store_settings`
--
ALTER TABLE `store_settings`
  MODIFY `id` bigint(20) UNSIGNED NOT NULL AUTO_INCREMENT, AUTO_INCREMENT=16;

--
-- AUTO_INCREMENT for table `transactions`
--
ALTER TABLE `transactions`
  MODIFY `id` bigint(20) UNSIGNED NOT NULL AUTO_INCREMENT, AUTO_INCREMENT=18;

--
-- AUTO_INCREMENT for table `transaction_details`
--
ALTER TABLE `transaction_details`
  MODIFY `id` bigint(20) UNSIGNED NOT NULL AUTO_INCREMENT, AUTO_INCREMENT=20;

--
-- AUTO_INCREMENT for table `users`
--
ALTER TABLE `users`
  MODIFY `id` bigint(20) UNSIGNED NOT NULL AUTO_INCREMENT, AUTO_INCREMENT=9;

--
-- AUTO_INCREMENT for table `user_addresses`
--
ALTER TABLE `user_addresses`
  MODIFY `id` bigint(20) UNSIGNED NOT NULL AUTO_INCREMENT, AUTO_INCREMENT=9;

--
-- AUTO_INCREMENT for table `user_vouchers`
--
ALTER TABLE `user_vouchers`
  MODIFY `id` bigint(20) UNSIGNED NOT NULL AUTO_INCREMENT, AUTO_INCREMENT=7;

--
-- AUTO_INCREMENT for table `vouchers`
--
ALTER TABLE `vouchers`
  MODIFY `id` bigint(20) UNSIGNED NOT NULL AUTO_INCREMENT, AUTO_INCREMENT=7;

--
-- AUTO_INCREMENT for table `voucher_usage_logs`
--
ALTER TABLE `voucher_usage_logs`
  MODIFY `id` bigint(20) UNSIGNED NOT NULL AUTO_INCREMENT, AUTO_INCREMENT=3;

--
-- AUTO_INCREMENT for table `wishlists`
--
ALTER TABLE `wishlists`
  MODIFY `id` bigint(20) UNSIGNED NOT NULL AUTO_INCREMENT, AUTO_INCREMENT=24;

--
-- Constraints for dumped tables
--

--
-- Constraints for table `activity_logs`
--
ALTER TABLE `activity_logs`
  ADD CONSTRAINT `fk_activity_logs_user` FOREIGN KEY (`user_id`) REFERENCES `users` (`id`);

--
-- Constraints for table `carts`
--
ALTER TABLE `carts`
  ADD CONSTRAINT `fk_carts_user` FOREIGN KEY (`user_id`) REFERENCES `users` (`id`);

--
-- Constraints for table `cart_items`
--
ALTER TABLE `cart_items`
  ADD CONSTRAINT `fk_cart_items_cart` FOREIGN KEY (`cart_id`) REFERENCES `carts` (`id`),
  ADD CONSTRAINT `fk_cart_items_product` FOREIGN KEY (`product_id`) REFERENCES `products` (`id`);

--
-- Constraints for table `cities`
--
ALTER TABLE `cities`
  ADD CONSTRAINT `cities_province_id_foreign` FOREIGN KEY (`province_id`) REFERENCES `provinces` (`id`) ON DELETE CASCADE,
  ADD CONSTRAINT `fk_cities_province` FOREIGN KEY (`province_id`) REFERENCES `provinces` (`id`);

--
-- Constraints for table `customer_service_messages`
--
ALTER TABLE `customer_service_messages`
  ADD CONSTRAINT `fk_cs_messages_user` FOREIGN KEY (`user_id`) REFERENCES `users` (`id`);

--
-- Constraints for table `notifications`
--
ALTER TABLE `notifications`
  ADD CONSTRAINT `fk_notifications_user` FOREIGN KEY (`user_id`) REFERENCES `users` (`id`);

--
-- Constraints for table `notification_settings`
--
ALTER TABLE `notification_settings`
  ADD CONSTRAINT `fk_notification_settings_user` FOREIGN KEY (`user_id`) REFERENCES `users` (`id`);

--
-- Constraints for table `products`
--
ALTER TABLE `products`
  ADD CONSTRAINT `fk_products_category` FOREIGN KEY (`category_id`) REFERENCES `categories` (`id`);

--
-- Constraints for table `ratings`
--
ALTER TABLE `ratings`
  ADD CONSTRAINT `fk_ratings_product` FOREIGN KEY (`product_id`) REFERENCES `products` (`id`),
  ADD CONSTRAINT `fk_ratings_transaction` FOREIGN KEY (`transaction_id`) REFERENCES `transactions` (`id`),
  ADD CONSTRAINT `fk_ratings_user` FOREIGN KEY (`user_id`) REFERENCES `users` (`id`);

--
-- Constraints for table `returs`
--
ALTER TABLE `returs`
  ADD CONSTRAINT `fk_returs_transaction` FOREIGN KEY (`transaction_id`) REFERENCES `transactions` (`id`),
  ADD CONSTRAINT `fk_returs_user` FOREIGN KEY (`user_id`) REFERENCES `users` (`id`);

--
-- Constraints for table `retur_items`
--
ALTER TABLE `retur_items`
  ADD CONSTRAINT `fk_retur_items_retur` FOREIGN KEY (`retur_id`) REFERENCES `returs` (`id`),
  ADD CONSTRAINT `fk_retur_items_transaction_detail` FOREIGN KEY (`transaction_detail_id`) REFERENCES `transaction_details` (`id`);

--
-- Constraints for table `stocks`
--
ALTER TABLE `stocks`
  ADD CONSTRAINT `fk_stocks_product` FOREIGN KEY (`product_id`) REFERENCES `products` (`id`);

--
-- Constraints for table `subdistricts`
--
ALTER TABLE `subdistricts`
  ADD CONSTRAINT `fk_subdistricts_city` FOREIGN KEY (`city_id`) REFERENCES `cities` (`id`),
  ADD CONSTRAINT `subdistricts_city_id_foreign` FOREIGN KEY (`city_id`) REFERENCES `cities` (`id`) ON DELETE CASCADE;

--
-- Constraints for table `transactions`
--
ALTER TABLE `transactions`
  ADD CONSTRAINT `fk_transactions_user` FOREIGN KEY (`user_id`) REFERENCES `users` (`id`),
  ADD CONSTRAINT `fk_transactions_voucher` FOREIGN KEY (`voucher_id`) REFERENCES `vouchers` (`id`);

--
-- Constraints for table `transaction_details`
--
ALTER TABLE `transaction_details`
  ADD CONSTRAINT `fk_transaction_details_product` FOREIGN KEY (`product_id`) REFERENCES `products` (`id`),
  ADD CONSTRAINT `fk_transaction_details_transaction` FOREIGN KEY (`transaction_id`) REFERENCES `transactions` (`id`);

--
-- Constraints for table `user_addresses`
--
ALTER TABLE `user_addresses`
  ADD CONSTRAINT `fk_user_addresses_city` FOREIGN KEY (`city_id`) REFERENCES `cities` (`id`),
  ADD CONSTRAINT `fk_user_addresses_province` FOREIGN KEY (`province_id`) REFERENCES `provinces` (`id`),
  ADD CONSTRAINT `fk_user_addresses_subdistrict` FOREIGN KEY (`subdistrict_id`) REFERENCES `subdistricts` (`id`),
  ADD CONSTRAINT `fk_user_addresses_user` FOREIGN KEY (`user_id`) REFERENCES `users` (`id`);

--
-- Constraints for table `user_vouchers`
--
ALTER TABLE `user_vouchers`
  ADD CONSTRAINT `fk_user_vouchers_user` FOREIGN KEY (`user_id`) REFERENCES `users` (`id`),
  ADD CONSTRAINT `fk_user_vouchers_voucher` FOREIGN KEY (`voucher_id`) REFERENCES `vouchers` (`id`);

--
-- Constraints for table `voucher_usage_logs`
--
ALTER TABLE `voucher_usage_logs`
  ADD CONSTRAINT `fk_voucher_logs_transaction` FOREIGN KEY (`transaction_id`) REFERENCES `transactions` (`id`),
  ADD CONSTRAINT `fk_voucher_logs_user` FOREIGN KEY (`user_id`) REFERENCES `users` (`id`),
  ADD CONSTRAINT `fk_voucher_logs_voucher` FOREIGN KEY (`voucher_id`) REFERENCES `vouchers` (`id`);

--
-- Constraints for table `wishlists`
--
ALTER TABLE `wishlists`
  ADD CONSTRAINT `fk_wishlists_product` FOREIGN KEY (`product_id`) REFERENCES `products` (`id`),
  ADD CONSTRAINT `fk_wishlists_user` FOREIGN KEY (`user_id`) REFERENCES `users` (`id`);
COMMIT;

/*!40101 SET CHARACTER_SET_CLIENT=@OLD_CHARACTER_SET_CLIENT */;
/*!40101 SET CHARACTER_SET_RESULTS=@OLD_CHARACTER_SET_RESULTS */;
/*!40101 SET COLLATION_CONNECTION=@OLD_COLLATION_CONNECTION */;
